target,imgt_h3_len,window_residues,h3_residues_in_window,frac_window_that_is_h3,h3_residues_missed
1AD0,12,31,12,0.387,0
1AD9,13,31,13,0.419,0
1B2W,10,31,10,0.323,0
1DFB,19,31,19,0.613,0
1DN0,14,31,14,0.452,0
1FGV,13,31,13,0.419,0
1FVC,13,31,13,0.419,0
1FVD,13,31,13,0.419,0
1HEZ,14,31,14,0.452,0
1IT9,14,31,14,0.452,0
1JPT,10,31,10,0.323,0
1MCO,9,31,9,0.29,0
1R24,15,31,15,0.484,0
1RHH,24,31,24,0.774,0
1RZ7,12,31,12,0.387,0
1S3K,12,31,12,0.387,0
1T04,10,31,10,0.323,0
1T3F,10,31,10,0.323,0
1U6A,17,31,17,0.548,0
2AGJ,12,31,12,0.387,0
2D7T,9,27,9,0.333,0
2EH7,8,31,8,0.258,0
2FB4,19,31,19,0.613,0
2FGW,9,31,9,0.29,0
2G75,11,31,11,0.355,0
2GCY,11,31,11,0.355,0
2HFF,12,31,12,0.387,0
2IG2,19,31,19,0.613,0
2XA8,14,31,14,0.452,0
2XZC,12,31,12,0.387,0
3EO9,14,31,14,0.452,0
3EOT,12,31,12,0.387,0
3FZU,9,31,9,0.29,0
3G6A,15,31,15,0.484,0
3HC3,9,31,9,0.29,0
3IDG,24,31,23,0.742,1
4F57,18,31,18,0.581,0
4FQC,26,31,25,0.806,1
4FZ8,24,31,24,0.774,0
4G5Z,11,31,11,0.355,0
4OSU,21,31,21,0.677,0
4R7N,11,31,11,0.355,0
4UOK,9,31,9,0.29,0
5AWN,21,31,21,0.677,0
5BZD,22,31,22,0.71,0
5CEX,26,31,25,0.806,1
5CGY,20,31,20,0.645,0
5DK3,13,31,13,0.419,0
5DR5,8,31,8,0.258,0
5F7E,12,31,12,0.387,0
5GGQ,6,31,6,0.194,0
5JQD,13,31,13,0.419,0
5KG9,9,31,8,0.258,1
5WT9,6,31,6,0.194,0
6MTS,21,31,21,0.677,0
6QN8,27,31,25,0.806,2
7K8Q,22,31,22,0.71,0
8FAB,14,31,14,0.452,0
