Model,PDB_ID,Confidence,Fv_RMSD
IgFold,1AD0,32.84140969162994,0.3828
IgFold,1AD9,36.1508620689655,0.3241
IgFold,1B2W,37.39732142857142,0.6592
IgFold,1DFB,38.84848484848485,0.7458
IgFold,1DN0,39.16228070175439,0.31
IgFold,1FGV,39.1948051948052,0.6085
IgFold,1FVC,32.23348017621142,0.3771
IgFold,1FVD,32.026431718061666,0.3874
IgFold,1HEZ,31.552631578947395,0.397
IgFold,1IT9,33.85344827586206,0.5345
IgFold,1JPT,31.147321428571438,0.5511
IgFold,1MCO,37.088105726872286,3.4696
IgFold,1R24,41.03056768558952,0.6786
IgFold,1RHH,67.87916666666668,0.2701
IgFold,1RZ7,36.386666666666684,0.5427
IgFold,1S3K,42.73160173160171,0.5652
IgFold,1T04,32.9732142857143,0.4566
IgFold,1T3F,32.9732142857143,0.3026
IgFold,1U6A,39.68398268398269,0.5368
IgFold,2AGJ,31.780701754385994,0.4843
IgFold,2D7T,33.973094170403584,1.5964
IgFold,2EH7,34.189427312775315,0.6485
IgFold,2FB4,46.694915254237266,0.5756
IgFold,2FGW,44.06060606060607,0.5252
IgFold,2G75,33.93777777777778,0.4288
IgFold,2GCY,32.397379912663745,0.3668
IgFold,2HFF,41.45689655172414,0.3706
IgFold,2IG2,46.694915254237266,0.6523
IgFold,2XA8,37.04741379310345,0.5452
IgFold,2XZC,37.385964912280706,0.8577
IgFold,3EO9,35.78947368421054,0.5683
IgFold,3EOT,34.62389380530975,0.4009
IgFold,3FZU,38.964444444444446,0.5746
IgFold,3G6A,39.95633187772926,0.2974
IgFold,3HC3,33.14349775784755,0.4319
IgFold,3IDG,42.06694560669456,0.2669
IgFold,4F57,40.16170212765958,0.5049
IgFold,4FQC,50.82278481012658,0.6526
IgFold,4FZ8,46.735537190082674,0.8362
IgFold,4G5Z,29.48444444444447,0.5213
IgFold,4OSU,46.59999999999999,0.4857
IgFold,4R7N,36.33333333333333,0.5658
IgFold,4UOK,32.45333333333331,0.3224
IgFold,5AWN,59.60084033613445,0.7403
IgFold,5BZD,49.876595744680856,0.4086
IgFold,5CEX,52.25409836065573,0.4275
IgFold,5CGY,55.0126050420168,0.9188
IgFold,5DK3,40.60173160173163,0.381
IgFold,5DR5,25.372197309417032,0.4368
IgFold,5F7E,25.17567567567569,0.4232
IgFold,5GGQ,34.07272727272727,0.4391
IgFold,5JQD,42.38095238095237,0.3834
IgFold,5KG9,40.87012987012987,0.7812
IgFold,5WT9,34.07272727272727,0.6951
IgFold,6MTS,53.32067510548523,0.4424
IgFold,6QN8,55.242798353909485,0.7654
IgFold,7K8Q,47.57740585774059,0.6194
IgFold,8FAB,39.66960352422908,0.3213
AbFold,1AD0,85.30230769230776,0.4524
AbFold,1AD9,86.36926923076925,0.5298
AbFold,1B2W,84.42088461538458,0.8613
AbFold,1DFB,86.49384615384612,0.4995
AbFold,1DN0,83.6815384615384,0.544
AbFold,1FGV,94.676652360515,0.4111
AbFold,1FVC,95.70882096069873,0.4325
AbFold,1FVD,84.92065384615381,0.5267
AbFold,1HEZ,86.92096153846154,0.5169
AbFold,1IT9,87.23534615384621,0.4888
AbFold,1JPT,87.17476923076921,0.506
AbFold,1MCO,85.40084615384619,1.5729
AbFold,1R24,88.46219230769225,0.897
AbFold,1RHH,83.7340384615385,0.6115
AbFold,1RZ7,84.09646153846145,0.5242
AbFold,1S3K,85.42819230769237,0.5113
AbFold,1T04,83.8882307692308,0.5927
AbFold,1T3F,83.8882307692308,0.4826
AbFold,1U6A,85.25415384615388,0.5329
AbFold,2AGJ,84.94849999999995,0.6093
AbFold,2D7T,91.26069105691055,0.6244
AbFold,2EH7,86.21611538461539,0.5127
AbFold,2FB4,88.5025,0.468
AbFold,2FGW,88.30096153846156,0.6058
AbFold,2G75,84.57142307692315,0.5198
AbFold,2GCY,87.70392307692299,0.4637
AbFold,2HFF,88.10173076923073,0.4199
AbFold,2IG2,88.5025,0.5956
AbFold,2XA8,85.97211538461536,0.5164
AbFold,2XZC,82.69173076923076,0.6072
AbFold,3EO9,86.35280769230772,0.5761
AbFold,3EOT,87.8798076923077,0.448
AbFold,3FZU,85.7583461538461,0.6647
AbFold,3G6A,85.7726153846154,0.5737
AbFold,3HC3,68.76646153846154,1.4365
AbFold,3IDG,87.23030769230769,0.4308
AbFold,4F57,89.3363461538461,0.4858
AbFold,4FQC,84.23576923076924,0.7555
AbFold,4FZ8,86.85119230769233,0.6829
AbFold,4G5Z,84.45161538461541,0.4776
AbFold,4OSU,87.9635384615384,0.4485
AbFold,4R7N,83.5595,0.5318
AbFold,4UOK,90.19780769230772,0.9088
AbFold,5AWN,88.4933461538462,0.5304
AbFold,5BZD,85.278076923077,0.4921
AbFold,5CEX,87.99503846153854,0.5748
AbFold,5CGY,87.47692307692304,0.4283
AbFold,5DK3,85.09473076923074,0.5076
AbFold,5DR5,85.96299999999994,0.4535
AbFold,5F7E,86.87734615384616,0.5161
AbFold,5GGQ,85.94407692307689,0.4614
AbFold,5JQD,84.37384615384612,0.6093
AbFold,5KG9,86.30169230769225,0.5913
AbFold,5WT9,83.50707692307694,0.4162
AbFold,6MTS,87.46476923076916,0.567
AbFold,6QN8,86.73261538461541,0.3968
AbFold,7K8Q,88.43173076923075,0.4206
AbFold,8FAB,84.78411538461539,0.4632
AlphaFold 2,1AD0,95.93976905311776,0.5472
AlphaFold 2,1AD9,96.35100456620994,0.4545
AlphaFold 2,1B2W,96.36428571428574,0.6381
AlphaFold 2,1DFB,96.2078004535148,0.7447
AlphaFold 2,1DN0,92.99429530201351,0.3859
AlphaFold 2,1FGV,95.0882403433477,0.663
AlphaFold 2,1FVC,96.30484716157204,0.3956
AlphaFold 2,1FVD,96.52022883295189,0.4518
AlphaFold 2,1HEZ,94.62260521042087,0.489
AlphaFold 2,1IT9,96.78612009237878,0.5248
AlphaFold 2,1JPT,97.03389521640098,0.3113
AlphaFold 2,1MCO,90.36552795031055,3.7588
AlphaFold 2,1R24,94.40531914893612,0.6726
AlphaFold 2,1RHH,94.25960352422905,0.4226
AlphaFold 2,1RZ7,96.1306496519721,0.4056
AlphaFold 2,1S3K,96.93664399092974,0.3692
AlphaFold 2,1T04,95.97452655889144,0.5236
AlphaFold 2,1T3F,95.80905529953908,0.2975
AlphaFold 2,1U6A,96.42034168564916,0.39
AlphaFold 2,2AGJ,94.93653061224488,0.4283
AlphaFold 2,2D7T,90.6869411764706,0.3601
AlphaFold 2,2EH7,96.7272540045767,0.4804
AlphaFold 2,2FB4,93.03642696629207,0.4013
AlphaFold 2,2FGW,96.04056053811655,0.4328
AlphaFold 2,2G75,90.92829694323153,0.4638
AlphaFold 2,2GCY,96.57179723502306,0.2994
AlphaFold 2,2HFF,95.79892376681616,0.4959
AlphaFold 2,2IG2,89.86681073025338,0.6715
AlphaFold 2,2XA8,96.40000000000002,0.3173
AlphaFold 2,2XZC,95.23299086757987,0.3083
AlphaFold 2,3EO9,97.01933025404155,0.6255
AlphaFold 2,3EOT,94.83210884353743,0.233
AlphaFold 2,3FZU,96.50329519450793,0.5181
AlphaFold 2,3G6A,93.24819004524879,0.4208
AlphaFold 2,3HC3,97.37474418604651,0.5274
AlphaFold 2,3IDG,96.22614190687362,0.4686
AlphaFold 2,4F57,94.13865603644642,0.3287
AlphaFold 2,4FQC,89.6835824175824,0.9037
AlphaFold 2,4FZ8,94.58934065934075,0.6184
AlphaFold 2,4G5Z,97.24016279069774,0.3779
AlphaFold 2,4OSU,92.48489977728295,0.4582
AlphaFold 2,4R7N,97.06173120728916,0.5695
AlphaFold 2,4UOK,97.35533487297914,0.4831
AlphaFold 2,5AWN,92.33479910714287,0.327
AlphaFold 2,5BZD,96.50349775784758,0.3481
AlphaFold 2,5CEX,91.63658590308377,0.7543
AlphaFold 2,5CGY,92.72299319727888,0.3894
AlphaFold 2,5DK3,91.87114803625379,0.412
AlphaFold 2,5DR5,92.47529157667377,0.4645
AlphaFold 2,5F7E,96.49108843537405,0.4211
AlphaFold 2,5GGQ,96.20646924829163,0.3286
AlphaFold 2,5JQD,93.68519187358909,0.4679
AlphaFold 2,5KG9,94.82047511312228,0.8707
AlphaFold 2,5WT9,95.62025171624721,0.2645
AlphaFold 2,6MTS,92.49961711711705,0.4658
AlphaFold 2,6QN8,88.85152505446625,0.7385
AlphaFold 2,7K8Q,92.18973741794312,0.3126
AlphaFold 2,8FAB,94.0373623853211,0.3391
ESMFold2,1AD0,91.39484763145447,0.3376
ESMFold2,1AD9,92.6827073097229,0.3353
ESMFold2,1B2W,93.1350588798523,0.5548
ESMFold2,1DFB,92.06928014755249,0.672
ESMFold2,1DN0,88.61199617385864,0.3812
ESMFold2,1FGV,90.77230095863342,0.4684
ESMFold2,1FVC,94.04860138893127,0.4601
ESMFold2,1FVD,92.15656518936157,0.4709
ESMFold2,1HEZ,91.79193377494812,0.6483
ESMFold2,1IT9,92.73993372917175,0.4032
ESMFold2,1JPT,92.88219809532166,0.2634
ESMFold2,1MCO,88.5538637638092,3.736
ESMFold2,1R24,87.78393864631653,0.6733
ESMFold2,1RHH,89.90761041641235,0.3742
ESMFold2,1RZ7,93.07119250297546,0.4703
ESMFold2,1S3K,93.28086376190186,0.2672
ESMFold2,1T04,92.59303212165833,0.3983
ESMFold2,1T3F,92.71275997161865,0.4529
ESMFold2,1U6A,91.27785563468933,0.4343
ESMFold2,2AGJ,91.371089220047,0.4387
ESMFold2,2D7T,86.48591041564941,1.5212
ESMFold2,2EH7,92.48049855232239,0.485
ESMFold2,2FB4,89.13797736167908,0.4737
ESMFold2,2FGW,90.79127311706543,0.5752
ESMFold2,2G75,86.98766231536865,0.4617
ESMFold2,2GCY,93.24555993080139,0.4984
ESMFold2,2HFF,90.58842062950134,0.4431
ESMFold2,2IG2,86.14538311958313,0.722
ESMFold2,2XA8,92.59944558143616,0.3722
ESMFold2,2XZC,90.93478918075562,0.7129
ESMFold2,3EO9,92.83807277679443,0.4811
ESMFold2,3EOT,92.07571148872375,0.3215
ESMFold2,3FZU,90.82127213478088,0.5095
ESMFold2,3G6A,89.28423523902893,0.5977
ESMFold2,3HC3,93.3607280254364,0.4071
ESMFold2,3IDG,95.59014439582825,0.2018
ESMFold2,4F57,89.69805240631104,0.3645
ESMFold2,4FQC,88.62760663032532,0.6723
ESMFold2,4FZ8,89.97166752815247,0.5489
ESMFold2,4G5Z,93.94840002059937,0.3478
ESMFold2,4OSU,88.50893974304199,0.6313
ESMFold2,4R7N,93.98407340049744,0.5686
ESMFold2,4UOK,92.36777424812317,0.4675
ESMFold2,5AWN,88.82823586463928,0.5209
ESMFold2,5BZD,91.01343750953674,0.3699
ESMFold2,5CEX,87.71981000900269,0.5572
ESMFold2,5CGY,89.21831250190735,0.7303
ESMFold2,5DK3,88.43297362327576,0.3439
ESMFold2,5DR5,88.84700536727905,0.3304
ESMFold2,5F7E,92.25005507469177,0.237
ESMFold2,5GGQ,92.92758107185364,0.6829
ESMFold2,5JQD,90.34994840621948,0.4554
ESMFold2,5KG9,90.16271233558655,0.6132
ESMFold2,5WT9,86.93311214447021,0.4086
ESMFold2,6MTS,89.69188332557678,0.4021
ESMFold2,6QN8,88.0779504776001,0.3714
ESMFold2,7K8Q,87.52593398094177,0.5433
ESMFold2,8FAB,89.46633338928223,0.5467
Boltz-2,1AD0,95.52539587020874,0.4814
Boltz-2,1AD9,94.13633346557617,0.403
Boltz-2,1B2W,94.48770880699158,0.5525
Boltz-2,1DFB,94.12989616394043,0.7016
Boltz-2,1DN0,92.71554350852966,0.3851
Boltz-2,1FGV,95.75753211975098,0.4566
Boltz-2,1FVC,95.88313698768616,0.3578
Boltz-2,1FVD,96.00781202316284,0.3511
Boltz-2,1HEZ,91.31506085395813,0.4765
Boltz-2,1IT9,96.12241983413696,0.4321
Boltz-2,1JPT,95.33995389938354,0.2947
Boltz-2,1MCO,89.67682123184204,3.8165
Boltz-2,1R24,93.59669089317322,0.6736
Boltz-2,1RHH,88.69296908378601,0.2774
Boltz-2,1RZ7,92.95043349266052,0.3386
Boltz-2,1S3K,96.29877209663391,0.226
Boltz-2,1T04,94.18880343437195,0.4458
Boltz-2,1T3F,94.84877586364746,0.2492
Boltz-2,1U6A,93.73711943626404,0.5654
Boltz-2,2AGJ,94.806307554245,0.4793
Boltz-2,2D7T,86.43505573272705,0.3651
Boltz-2,2EH7,95.89619040489197,0.6446
Boltz-2,2FB4,91.77351593971252,0.2971
Boltz-2,2FGW,95.55776715278625,0.7986
Boltz-2,2G75,89.21288847923279,0.3538
Boltz-2,2GCY,96.46652936935425,0.2634
Boltz-2,2HFF,96.41252756118774,0.3143
Boltz-2,2IG2,87.96124458312988,0.4962
Boltz-2,2XA8,96.97083830833435,0.2801
Boltz-2,2XZC,94.5870041847229,0.654
Boltz-2,3EO9,97.0680296421051,0.3825
Boltz-2,3EOT,94.09666061401367,0.2128
Boltz-2,3FZU,91.00263714790344,0.6345
Boltz-2,3G6A,90.37493467330933,0.2618
Boltz-2,3HC3,93.81139278411865,0.2856
Boltz-2,3IDG,98.29930663108826,0.1123
Boltz-2,4F57,93.2935357093811,0.3865
Boltz-2,4FQC,92.23108887672424,0.5613
Boltz-2,4FZ8,93.95492672920227,0.5107
Boltz-2,4G5Z,95.84377408027649,0.3469
Boltz-2,4OSU,95.09208798408508,0.3686
Boltz-2,4R7N,95.80539464950562,0.6138
Boltz-2,4UOK,96.12922072410583,0.4923
Boltz-2,5AWN,91.71071648597717,0.4209
Boltz-2,5BZD,96.32396697998047,0.3543
Boltz-2,5CEX,91.32429361343384,0.4267
Boltz-2,5CGY,92.97792315483093,0.343
Boltz-2,5DK3,91.40597581863403,0.4568
Boltz-2,5DR5,91.98833703994751,0.4216
Boltz-2,5F7E,94.88309621810913,0.6981
Boltz-2,5GGQ,94.29749250411987,0.4293
Boltz-2,5JQD,92.44176149368286,0.4085
Boltz-2,5KG9,95.17887830734253,0.3322
Boltz-2,5WT9,86.7708683013916,0.2025
Boltz-2,6MTS,90.98613858222961,0.4483
Boltz-2,6QN8,85.5972170829773,0.9485
Boltz-2,7K8Q,92.76527762413025,0.4778
Boltz-2,8FAB,92.01768636703491,0.3366
Chai1,1AD0,92.77763366699219,0.3622
Chai1,1AD9,93.05438995361328,0.3962
Chai1,1B2W,92.28042364120483,0.6223
Chai1,1DFB,92.43873357772827,0.5451
Chai1,1DN0,89.26112055778503,0.4815
Chai1,1FGV,93.50006580352783,0.6533
Chai1,1FVC,96.30208611488342,0.4277
Chai1,1FVD,95.48106789588928,0.4459
Chai1,1HEZ,91.64130091667175,0.403
Chai1,1IT9,93.31956505775452,0.4098
Chai1,1JPT,92.7543044090271,0.409
Chai1,1MCO,86.08101010322571,3.6697
Chai1,1R24,90.08710980415344,0.765
Chai1,1RHH,87.76840567588806,0.502
Chai1,1RZ7,93.5435950756073,0.3377
Chai1,1S3K,93.79839897155762,0.3439
Chai1,1T04,92.46832728385925,0.6468
Chai1,1T3F,92.82524585723877,0.5144
Chai1,1U6A,93.2396948337555,0.4753
Chai1,2AGJ,88.9596700668335,0.5334
Chai1,2D7T,87.61774897575378,1.1379
Chai1,2EH7,92.18531847000122,0.7105
Chai1,2FB4,90.97082614898682,0.3687
Chai1,2FGW,91.95303916931152,0.6238
Chai1,2G75,89.07991051673889,0.641
Chai1,2GCY,92.70492196083069,0.5198
Chai1,2HFF,92.13134050369263,0.786
Chai1,2IG2,88.5277807712555,0.5806
Chai1,2XA8,92.278653383255,0.5124
Chai1,2XZC,92.04443693161011,0.5258
Chai1,3EO9,93.50638389587402,0.4818
Chai1,3EOT,92.15887784957886,0.4625
Chai1,3FZU,91.59592390060425,0.501
Chai1,3G6A,91.0362184047699,0.6234
Chai1,3HC3,93.13090443611145,0.4315
Chai1,3IDG,95.6107497215271,0.2508
Chai1,4F57,89.98349905014038,0.313
Chai1,4FQC,86.57287359237671,1.0279
Chai1,4FZ8,90.59832692146301,0.5975
Chai1,4G5Z,92.68742799758911,0.3169
Chai1,4OSU,90.16390442848206,0.4484
Chai1,4R7N,92.38454103469849,0.5489
Chai1,4UOK,92.8769588470459,0.4406
Chai1,5AWN,88.27560544013977,0.4114
Chai1,5BZD,91.77973866462708,0.4394
Chai1,5CEX,89.73490595817566,0.5056
Chai1,5CGY,88.78675103187561,0.7247
Chai1,5DK3,90.40384292602539,0.4639
Chai1,5DR5,89.62552547454834,0.397
Chai1,5F7E,91.79967045783997,0.3526
Chai1,5GGQ,92.29822754859924,0.6016
Chai1,5JQD,89.65890407562256,0.4912
Chai1,5KG9,91.36101603507996,0.952
Chai1,5WT9,81.91727995872498,0.5655
Chai1,6MTS,88.2748007774353,0.4274
Chai1,6QN8,86.12565398216248,1.0895
Chai1,7K8Q,88.05497884750366,0.4105
Chai1,8FAB,90.86140394210815,0.5524
IntelliFold,1AD0,94.97045278549194,0.3719
IntelliFold,1AD9,94.22708749771118,0.3994
IntelliFold,1B2W,95.17982602119446,0.6391
IntelliFold,1DFB,93.70161890983582,0.9333
IntelliFold,1DN0,91.40270352363586,0.3197
IntelliFold,1FGV,95.39122581481934,0.5839
IntelliFold,1FVC,95.59881091117859,0.3317
IntelliFold,1FVD,95.13899087905884,0.439
IntelliFold,1HEZ,88.52814435958862,0.4523
IntelliFold,1IT9,94.75418329238892,0.4731
IntelliFold,1JPT,95.47296166419983,0.4162
IntelliFold,1MCO,88.80873322486877,1.0157
IntelliFold,1R24,92.81849265098572,0.7567
IntelliFold,1RHH,92.22992062568665,0.2525
IntelliFold,1RZ7,94.82534527778625,0.3493
IntelliFold,1S3K,94.69987154006958,0.3587
IntelliFold,1T04,94.87656950950623,0.406
IntelliFold,1T3F,94.70618963241577,0.2389
IntelliFold,1U6A,94.42774057388306,0.3899
IntelliFold,2AGJ,93.60021948814392,0.5644
IntelliFold,2D7T,88.3319079875946,0.3368
IntelliFold,2EH7,94.71449851989746,0.5208
IntelliFold,2FB4,91.39788746833801,0.4902
IntelliFold,2FGW,94.38244700431824,0.6132
IntelliFold,2G75,88.32433223724365,0.5139
IntelliFold,2GCY,95.35932540893555,0.3593
IntelliFold,2HFF,93.97624135017395,0.2773
IntelliFold,2IG2,84.05787348747253,0.4272
IntelliFold,2XA8,94.44425702095032,0.2654
IntelliFold,2XZC,93.35033893585205,0.7626
IntelliFold,3EO9,95.43574452400208,0.5692
IntelliFold,3EOT,94.93911266326904,0.3708
IntelliFold,3FZU,93.93003582954407,0.6732
IntelliFold,3G6A,91.38528108596802,0.4144
IntelliFold,3HC3,95.6947386264801,0.2358
IntelliFold,3IDG,96.77436351776123,0.2266
IntelliFold,4F57,91.42464995384216,0.4254
IntelliFold,4FQC,89.59875702857971,0.5868
IntelliFold,4FZ8,92.72010922431946,0.5146
IntelliFold,4G5Z,95.09980082511902,0.3737
IntelliFold,4OSU,89.74632024765015,0.3662
IntelliFold,4R7N,95.66813707351685,0.4518
IntelliFold,4UOK,95.26101350784302,0.592
IntelliFold,5AWN,90.87460041046143,0.3813
IntelliFold,5BZD,92.16207265853882,0.3358
IntelliFold,5CEX,90.86180925369263,0.6558
IntelliFold,5CGY,91.28708243370056,0.4324
IntelliFold,5DK3,86.95433735847473,0.4448
IntelliFold,5DR5,90.68851470947266,0.4572
IntelliFold,5F7E,94.2622184753418,1.3701
IntelliFold,5GGQ,95.07713317871094,0.2976
IntelliFold,5JQD,93.23009252548218,0.4587
IntelliFold,5KG9,93.40171813964844,0.3425
IntelliFold,5WT9,83.71175527572632,0.2282
IntelliFold,6MTS,91.04673862457275,0.3424
IntelliFold,6QN8,86.76642775535583,0.3256
IntelliFold,7K8Q,89.92355465888977,0.2414
IntelliFold,8FAB,92.48968362808228,0.2681
OpenFold3,1AD0,89.90910339355469,0.3236
OpenFold3,1AD9,82.62203216552734,0.3828
OpenFold3,1B2W,84.68238830566406,0.6176
OpenFold3,1DFB,77.05196380615234,0.6236
OpenFold3,1DN0,80.92053985595703,0.3136
OpenFold3,1FGV,93.82472229003906,0.447
OpenFold3,1FVC,95.52458190917969,0.3544
OpenFold3,1FVD,88.03752136230469,0.3359
OpenFold3,1HEZ,79.55535888671875,0.4275
OpenFold3,1IT9,84.92536163330078,0.433
OpenFold3,1JPT,88.54732513427734,0.3146
OpenFold3,1MCO,59.247276306152344,1.028
OpenFold3,1R24,82.00172424316406,0.7416
OpenFold3,1RHH,77.6654052734375,0.2525
OpenFold3,1RZ7,79.0563735961914,0.3921
OpenFold3,1S3K,84.69454956054688,0.2391
OpenFold3,1T04,84.26911163330078,0.4611
OpenFold3,1T3F,84.51144409179688,0.5206
OpenFold3,1U6A,79.88994598388672,0.5588
OpenFold3,2AGJ,81.80965423583984,0.4403
OpenFold3,2D7T,90.7966079711914,1.4292
OpenFold3,2EH7,89.85952758789062,0.5598
OpenFold3,2FB4,66.65948486328125,0.5067
OpenFold3,2FGW,85.22940826416016,0.7956
OpenFold3,2G75,70.26167297363281,0.4627
OpenFold3,2GCY,82.1133804321289,0.31
OpenFold3,2HFF,86.0990982055664,0.3149
OpenFold3,2IG2,67.05944061279297,0.7421
OpenFold3,2XA8,79.39898681640625,0.4204
OpenFold3,2XZC,88.48303985595703,0.2959
OpenFold3,3EO9,87.1852798461914,0.5302
OpenFold3,3EOT,83.67577362060547,0.3176
OpenFold3,3FZU,81.88243865966797,0.4038
OpenFold3,3G6A,73.05799865722656,0.2905
OpenFold3,3HC3,83.02257537841797,0.4902
OpenFold3,3IDG,97.67594146728516,0.1773
OpenFold3,4F57,74.42915344238281,0.366
OpenFold3,4FQC,79.71722412109375,1.4987
OpenFold3,4FZ8,72.00100708007812,0.7667
OpenFold3,4G5Z,80.57426452636719,0.3555
OpenFold3,4OSU,74.35832214355469,0.6205
OpenFold3,4R7N,88.97547149658203,0.4941
OpenFold3,4UOK,81.67251586914062,0.4867
OpenFold3,5AWN,80.62825012207031,0.4654
OpenFold3,5BZD,82.81800079345703,0.3936
OpenFold3,5CEX,75.3196029663086,0.4859
OpenFold3,5CGY,71.84476470947266,0.562
OpenFold3,5DK3,64.51460266113281,0.3382
OpenFold3,5DR5,79.97139739990234,0.3239
OpenFold3,5F7E,81.49890899658203,0.2935
OpenFold3,5GGQ,84.80573272705078,0.4175
OpenFold3,5JQD,85.36929321289062,0.3932
OpenFold3,5KG9,74.8329849243164,0.3385
OpenFold3,5WT9,84.69210052490234,0.4878
OpenFold3,6MTS,74.78404235839844,0.4788
OpenFold3,6QN8,73.57292938232422,0.4903
OpenFold3,7K8Q,74.38421630859375,0.3746
OpenFold3,8FAB,68.37060546875,0.2934
