Component,Version_or_access_details
Reference database,Structural Antibody Database (SAbDab); structures drawn during 2026-07
PyMOL,"Open-Source PyMOL 3.1.0 [20]; conventional protocol uses cmd.super(pred_sel, ref_sel) (default iterative outlier rejection, no explicit cycle/outlier-cutoff override beyond PyMOL's built-in defaults); unfiltered protocol uses cmd.super(pred_sel, ref_sel, cycles=0, transform=0)"
ANARCI,"v1.3, used for independent chain-identification validation (Section 2.3) [19]"
Arpeggio,"pdbe-arpeggio v1.4.4, used for the interface-contact fingerprint (Section 3.6) [26]"
PDBFixer,"v1.12.0 (OpenMM 8.6.0), used only to reconstruct side-chain atoms on IgFold's backbone/Cβ-only predictions prior to interface-fingerprint scoring (Section 3.6) [27]"
TM-align,"tmtools v0.3.0, a Python binding to the original TM-align implementation [21]"
CCTBX/MolProbity-equivalent,"cctbx-base 2026.6 (mmtbx ramalyze and clashscore modules), used for the Ramachandran-outlier and clashscore analysis in Section 3.5 [22, 23]"
ColabFold/MMseqs2 MSA server,"api.colabfold.com, queried 2026-07 to 2026-08 for OpenFold3's multiple-sequence alignments (mode=env); each alignment capped at 2,000 sequences per chain (Section 2.4 limitations) [8]"
OpenFold3 inference,"NVIDIA-hosted API (health.api.nvidia.com), queried 2026-07 to 2026-08 [7]"
Statistical software,"Python 3.11, scipy (Wilcoxon signed-rank test), custom bootstrap implementation (10,000 resamples, fixed random seed 42)"
