Model,VH_median,VH_max,n_VH,VL_median,VL_max,n_VL,H1_median,H1_max,n_H1,H2_median,H2_max,n_H2,H3_median,H3_max,n_H3,L1_median,L1_max,n_L1,L2_median,L2_max,n_L2,L3_median,L3_max,n_L3
ESMFold2,0.717,2.567,58,0.493,7.398,58,0.447,6.392,58,0.514,4.296,58,1.478,6.29,58,0.43,3.856,58,0.277,5.759,58,0.472,4.747,58
IntelliFold,0.754,2.965,58,0.508,7.405,57,0.465,6.183,58,0.532,4.243,58,1.608,7.091,58,0.489,3.512,57,0.309,5.74,57,0.448,3.559,57
Boltz-2,0.759,2.312,58,0.535,7.335,58,0.446,6.687,58,0.536,2.574,58,1.43,6.708,58,0.474,3.354,58,0.283,5.761,58,0.497,2.606,58
OpenFold3,0.763,2.929,58,0.522,7.391,56,0.483,4.378,58,0.606,4.235,58,1.653,7.445,58,0.473,3.342,56,0.276,5.713,56,0.486,5.079,56
Chai-1,0.77,2.805,58,0.519,7.36,58,0.507,4.766,58,0.542,4.268,58,1.76,8.217,58,0.498,3.912,58,0.307,5.789,58,0.467,4.813,58
AlphaFold 2,0.791,2.501,58,0.554,7.416,58,0.473,5.741,58,0.551,4.332,58,1.524,5.951,58,0.454,3.979,58,0.325,5.671,58,0.572,4.708,58
ABodyBuilder3,0.791,4.802,58,0.56,7.388,58,0.592,5.801,58,0.619,11.587,58,1.328,4.912,58,0.587,3.465,58,0.42,5.527,58,0.699,2.833,58
Ibex,0.821,4.04,58,0.589,7.455,58,0.622,5.445,58,0.558,2.5,58,1.499,6.063,58,0.852,4.599,58,0.573,5.968,58,0.715,3.6,58
IgFold,0.849,1.899,58,0.654,7.301,57,0.621,5.848,58,0.595,2.407,58,1.822,3.764,58,0.708,3.575,57,0.369,5.877,57,0.853,3.028,57
AbFold,1.834,10.913,58,3.732,8.603,58,0.944,5.994,58,0.849,11.427,58,2.841,10.758,58,1.477,5.359,58,0.879,5.649,58,1.837,6.399,58
