Model,PDB_ID,H3_IMGT_RMSD,H3_n_aligned,n_ref_h3,n_pred_h3,framework_rmsd,framework_n
ABodyBuilder3,1AD0,0.6178,12,12,12,0.2615,49
ABodyBuilder3,1AD9,0.942,13,13,13,0.3441,60
ABodyBuilder3,1B2W,1.2735,10,10,10,0.523,42
ABodyBuilder3,1DFB,2.4553,19,19,19,0.3844,51
ABodyBuilder3,1DN0,0.5741,14,14,14,0.3811,57
ABodyBuilder3,1FGV,1.4214,13,13,17,0.2543,49
ABodyBuilder3,1FVC,0.614,13,13,13,0.3282,58
ABodyBuilder3,1FVD,1.3036,13,13,13,0.3394,57
ABodyBuilder3,1HEZ,0.6621,14,14,14,0.3573,56
ABodyBuilder3,1IT9,0.7531,14,14,14,0.3516,59
ABodyBuilder3,1JPT,0.6657,10,10,10,0.3165,55
ABodyBuilder3,1MCO,2.5079,9,9,9,0.9488,41
ABodyBuilder3,1R24,0.683,15,15,15,0.5405,44
ABodyBuilder3,1RHH,1.7758,24,24,24,0.5557,52
ABodyBuilder3,1RZ7,0.8064,12,12,12,0.3409,61
ABodyBuilder3,1S3K,0.5874,12,12,12,0.3232,51
ABodyBuilder3,1T04,1.1622,10,10,10,0.4125,58
ABodyBuilder3,1T3F,0.7183,10,10,10,0.3023,57
ABodyBuilder3,1U6A,1.7423,17,17,17,0.3438,53
ABodyBuilder3,2AGJ,1.5564,12,12,12,0.3863,59
ABodyBuilder3,2D7T,1.2378,9,9,9,0.3818,58
ABodyBuilder3,2EH7,0.7834,8,8,8,0.3091,56
ABodyBuilder3,2FB4,3.2683,19,19,19,0.3404,44
ABodyBuilder3,2FGW,1.5012,9,9,17,0.4574,56
ABodyBuilder3,2G75,0.5239,11,11,11,0.317,51
ABodyBuilder3,2GCY,0.3373,11,11,11,0.2962,51
ABodyBuilder3,2HFF,0.4752,12,12,18,0.2541,58
ABodyBuilder3,2IG2,3.2949,19,19,19,0.4555,47
ABodyBuilder3,2XA8,1.841,14,14,14,0.3664,61
ABodyBuilder3,2XZC,2.1403,12,12,12,0.4553,30
ABodyBuilder3,3EO9,1.6833,14,14,14,0.4605,64
ABodyBuilder3,3EOT,0.5585,12,12,12,0.2783,60
ABodyBuilder3,3FZU,0.8424,9,9,9,0.3478,45
ABodyBuilder3,3G6A,0.8879,15,15,15,0.3646,56
ABodyBuilder3,3HC3,1.9655,9,9,9,4.3192,16
ABodyBuilder3,3IDG,0.541,24,24,24,0.2703,53
ABodyBuilder3,4F57,0.9219,18,18,18,0.3423,50
ABodyBuilder3,4FQC,0.6769,26,26,26,0.5169,59
ABodyBuilder3,4FZ8,2.6408,24,24,24,0.4404,38
ABodyBuilder3,4G5Z,0.4759,11,11,11,0.2971,51
ABodyBuilder3,4OSU,2.756,21,21,24,0.2927,45
ABodyBuilder3,4R7N,0.7286,11,11,11,0.367,54
ABodyBuilder3,4UOK,2.3768,9,9,9,0.4314,57
ABodyBuilder3,5AWN,1.7274,21,21,21,0.3742,54
ABodyBuilder3,5BZD,1.2496,22,22,22,0.3253,38
ABodyBuilder3,5CEX,0.804,26,26,26,0.4273,65
ABodyBuilder3,5CGY,2.2246,20,20,20,0.3472,51
ABodyBuilder3,5DK3,0.9386,13,13,13,0.3515,63
ABodyBuilder3,5DR5,0.5969,8,8,8,0.3044,57
ABodyBuilder3,5F7E,0.4938,12,12,12,0.3526,60
ABodyBuilder3,5GGQ,0.48,6,6,6,0.2979,56
ABodyBuilder3,5JQD,0.9268,13,13,13,0.4169,59
ABodyBuilder3,5KG9,0.5867,9,9,9,0.3009,46
ABodyBuilder3,5WT9,0.4492,6,6,6,0.2863,52
ABodyBuilder3,6MTS,1.2051,21,21,21,0.3441,52
ABodyBuilder3,6QN8,1.3139,27,27,27,0.2387,49
ABodyBuilder3,7K8Q,5.0681,22,22,22,0.2826,49
ABodyBuilder3,8FAB,1.5698,14,14,14,0.3049,55
AbFold,1AD0,1.089,12,12,12,0.3504,46
AbFold,1AD9,2.1202,13,13,13,0.3711,48
AbFold,1B2W,6.238,10,10,10,0.5257,34
AbFold,1DFB,2.4501,19,19,19,0.3816,48
AbFold,1DN0,1.0182,14,14,14,0.3549,48
AbFold,1FGV,1.4279,13,13,17,0.2544,49
AbFold,1FVC,0.6128,13,13,13,0.328,58
AbFold,1FVD,2.334,13,13,13,0.4086,43
AbFold,1HEZ,0.8765,14,14,14,0.393,44
AbFold,1IT9,5.5943,14,14,14,0.3696,49
AbFold,1JPT,3.1446,10,10,10,0.376,49
AbFold,1MCO,5.9481,9,9,9,1.9577,28
AbFold,1R24,0.7032,15,15,15,0.5733,36
AbFold,1RHH,1.749,24,24,24,0.5451,50
AbFold,1RZ7,4.6977,12,12,12,0.3826,44
AbFold,1S3K,4.2525,12,12,12,0.366,37
AbFold,1T04,3.6203,10,10,10,0.4173,47
AbFold,1T3F,3.4341,10,10,10,0.3556,48
AbFold,1U6A,1.8382,17,17,17,0.3427,50
AbFold,2AGJ,1.6544,12,12,12,0.4028,53
AbFold,2D7T,1.1574,9,9,9,0.3834,41
AbFold,2EH7,3.972,8,8,8,0.3105,42
AbFold,2FB4,3.2315,19,19,19,0.3015,43
AbFold,2FGW,1.6089,9,9,17,0.4413,34
AbFold,2G75,2.5028,11,11,11,0.3662,36
AbFold,2GCY,0.794,11,11,11,0.3562,44
AbFold,2HFF,0.3915,12,12,18,0.251,53
AbFold,2IG2,3.2619,19,19,19,0.4386,47
AbFold,2XA8,2.1573,14,14,14,0.4099,49
AbFold,2XZC,5.7152,12,12,12,2.1478,32
AbFold,3EO9,1.98,14,14,14,0.4654,49
AbFold,3EOT,0.8827,12,12,12,0.3368,52
AbFold,3FZU,2.5818,9,9,9,0.3469,40
AbFold,3G6A,1.1394,15,15,15,0.4344,49
AbFold,3HC3,7.2449,9,9,9,1.7187,5
AbFold,3IDG,0.5294,24,24,24,0.2776,56
AbFold,4F57,0.9087,18,18,18,0.3941,47
AbFold,4FQC,0.6972,26,26,26,0.5372,59
AbFold,4FZ8,2.6163,24,24,24,0.4379,38
AbFold,4G5Z,3.966,11,11,11,0.3315,42
AbFold,4OSU,2.7672,21,21,24,0.2907,45
AbFold,4R7N,2.808,11,11,11,0.4013,47
AbFold,4UOK,3.2358,9,9,9,0.4407,43
AbFold,5AWN,1.8826,21,21,21,0.3857,56
AbFold,5BZD,1.21,22,22,22,1.4161,42
AbFold,5CEX,0.7939,26,26,26,0.4453,66
AbFold,5CGY,2.2581,20,20,20,0.3326,51
AbFold,5DK3,2.3393,13,13,13,0.3765,53
AbFold,5DR5,3.8429,8,8,8,0.3063,37
AbFold,5F7E,4.5003,12,12,12,0.3606,48
AbFold,5GGQ,4.4562,6,6,6,0.2572,31
AbFold,5JQD,0.9763,13,13,13,0.4948,55
AbFold,5KG9,4.1113,9,9,9,0.4431,33
AbFold,5WT9,4.3205,6,6,6,0.3114,34
AbFold,6MTS,1.1629,21,21,21,0.3521,54
AbFold,6QN8,1.3828,27,27,27,0.2484,50
AbFold,7K8Q,5.0418,22,22,22,0.2812,49
AbFold,8FAB,1.7951,14,14,14,0.2874,43
AlphaFold 2,1AD0,1.9369,12,12,12,0.2304,52
AlphaFold 2,1AD9,0.9935,13,13,13,0.2265,58
AlphaFold 2,1B2W,0.9364,10,10,10,0.3362,40
AlphaFold 2,1DFB,1.4265,19,19,19,0.2971,57
AlphaFold 2,1DN0,1.8594,14,14,14,0.2523,53
AlphaFold 2,1FGV,2.0929,13,13,17,0.2555,58
AlphaFold 2,1FVC,1.9014,13,13,13,0.2304,55
AlphaFold 2,1FVD,1.9646,13,13,13,0.2655,58
AlphaFold 2,1HEZ,1.9567,14,14,14,0.2693,55
AlphaFold 2,1IT9,2.5471,14,14,14,0.2577,60
AlphaFold 2,1JPT,1.2075,10,10,10,0.2149,47
AlphaFold 2,1MCO,1.4152,9,9,9,1.0065,41
AlphaFold 2,1R24,2.4428,15,15,15,0.4572,43
AlphaFold 2,1RHH,4.8127,24,24,24,0.3969,47
AlphaFold 2,1RZ7,0.1844,12,12,12,0.2103,57
AlphaFold 2,1S3K,0.308,12,12,12,0.1679,46
AlphaFold 2,1T04,0.7619,10,10,10,0.347,61
AlphaFold 2,1T3F,1.1049,10,10,10,0.2354,59
AlphaFold 2,1U6A,2.9076,17,17,17,0.25,52
AlphaFold 2,2AGJ,0.6097,12,12,12,0.3039,58
AlphaFold 2,2D7T,0.6706,9,9,9,0.2618,61
AlphaFold 2,2EH7,2.3878,8,8,8,0.2101,54
AlphaFold 2,2FB4,1.298,19,19,19,0.2489,46
AlphaFold 2,2FGW,1.2861,9,9,17,0.3673,57
AlphaFold 2,2G75,0.3993,11,11,11,0.2562,49
AlphaFold 2,2GCY,0.3472,11,11,11,0.2367,53
AlphaFold 2,2HFF,0.499,12,12,18,0.2304,57
AlphaFold 2,2IG2,1.2792,19,19,19,0.3201,45
AlphaFold 2,2XA8,1.8913,14,14,14,0.4408,59
AlphaFold 2,2XZC,1.9562,12,12,12,0.3202,29
AlphaFold 2,3EO9,1.2585,14,14,14,0.2226,57
AlphaFold 2,3EOT,0.5843,12,12,12,0.1742,63
AlphaFold 2,3FZU,0.7079,9,9,9,0.2603,47
AlphaFold 2,3G6A,1.8083,15,15,15,0.1628,57
AlphaFold 2,3HC3,0.1455,9,9,9,0.2116,55
AlphaFold 2,3IDG,1.5308,24,24,24,0.2069,54
AlphaFold 2,4F57,0.6488,18,18,18,0.1642,49
AlphaFold 2,4FQC,4.468,26,26,26,0.287,48
AlphaFold 2,4FZ8,2.7299,24,24,24,0.3168,37
AlphaFold 2,4G5Z,0.6191,11,11,11,0.1806,49
AlphaFold 2,4OSU,2.6517,21,21,24,0.2425,41
AlphaFold 2,4R7N,0.6395,11,11,11,0.3868,55
AlphaFold 2,4UOK,2.418,9,9,9,0.2768,51
AlphaFold 2,5AWN,2.034,21,21,21,0.2534,58
AlphaFold 2,5BZD,0.5177,22,22,22,0.1985,45
AlphaFold 2,5CEX,2.2918,26,26,26,0.2887,53
AlphaFold 2,5CGY,2.9777,20,20,20,0.2415,52
AlphaFold 2,5DK3,0.5284,13,13,13,0.2369,59
AlphaFold 2,5DR5,0.5591,8,8,8,0.1728,49
AlphaFold 2,5F7E,1.1914,12,12,12,0.2026,58
AlphaFold 2,5GGQ,0.2955,6,6,6,0.2165,54
AlphaFold 2,5JQD,1.4302,13,13,13,0.2478,49
AlphaFold 2,5KG9,0.6775,9,9,9,0.2942,46
AlphaFold 2,5WT9,0.2432,6,6,6,0.1493,51
AlphaFold 2,6MTS,3.6492,21,21,21,0.3232,53
AlphaFold 2,6QN8,5.599,27,27,27,0.2717,54
AlphaFold 2,7K8Q,5.5733,22,22,22,0.1899,46
AlphaFold 2,8FAB,1.386,14,14,14,0.2248,57
Boltz-2,1AD0,1.9233,12,12,12,0.2496,54
Boltz-2,1AD9,1.4554,13,13,13,0.2122,59
Boltz-2,1B2W,0.8172,10,10,10,0.312,41
Boltz-2,1DFB,1.533,19,19,19,0.2996,59
Boltz-2,1DN0,1.4773,14,14,14,0.2625,56
Boltz-2,1FGV,2.3244,13,13,17,0.2017,55
Boltz-2,1FVC,0.5323,13,13,13,0.2035,54
Boltz-2,1FVD,1.1158,13,13,13,0.2397,58
Boltz-2,1HEZ,0.3904,14,14,14,0.3159,56
Boltz-2,1IT9,0.3949,14,14,14,0.2347,62
Boltz-2,1JPT,1.242,10,10,10,0.1655,57
Boltz-2,1MCO,0.9687,9,9,9,1.0037,41
Boltz-2,1R24,1.6208,15,15,15,0.3804,39
Boltz-2,1RHH,5.0566,24,24,24,0.3636,48
Boltz-2,1RZ7,0.2113,12,12,12,0.1857,56
Boltz-2,1S3K,0.2498,12,12,12,0.1262,51
Boltz-2,1T04,0.8254,10,10,10,0.2767,61
Boltz-2,1T3F,0.9249,10,10,10,0.1907,60
Boltz-2,1U6A,3.1364,17,17,17,0.2199,52
Boltz-2,2AGJ,1.6566,12,12,12,0.269,52
Boltz-2,2D7T,0.9423,9,9,9,0.229,58
Boltz-2,2EH7,2.376,8,8,8,0.2156,54
Boltz-2,2FB4,1.6871,19,19,19,0.2229,46
Boltz-2,2FGW,1.386,9,9,17,0.3885,57
Boltz-2,2G75,1.4167,11,11,11,0.2201,45
Boltz-2,2GCY,1.2174,11,11,11,0.2303,50
Boltz-2,2HFF,0.2523,12,12,18,0.1655,57
Boltz-2,2IG2,1.5709,19,19,19,0.2827,45
Boltz-2,2XA8,1.8667,14,14,14,0.2923,53
Boltz-2,2XZC,2.1183,12,12,12,0.3273,30
Boltz-2,3EO9,0.3964,14,14,14,0.222,65
Boltz-2,3EOT,0.3145,12,12,12,0.1564,57
Boltz-2,3FZU,1.0485,9,9,9,0.2176,48
Boltz-2,3G6A,0.2913,15,15,15,0.1581,57
Boltz-2,3HC3,0.2573,9,9,9,0.1939,56
Boltz-2,3IDG,0.5096,24,24,24,0.0958,52
Boltz-2,4F57,2.1606,18,18,18,0.1468,48
Boltz-2,4FQC,0.5655,26,26,26,0.2153,56
Boltz-2,4FZ8,3.2127,24,24,24,0.3008,38
Boltz-2,4G5Z,0.3672,11,11,11,0.1624,44
Boltz-2,4OSU,2.9234,21,21,24,0.1471,44
Boltz-2,4R7N,0.6842,11,11,11,0.3295,54
Boltz-2,4UOK,2.4359,9,9,9,0.3454,55
Boltz-2,5AWN,2.226,21,21,21,0.2808,56
Boltz-2,5BZD,0.7191,22,22,22,0.1923,45
Boltz-2,5CEX,3.2896,26,26,26,0.2554,63
Boltz-2,5CGY,3.4323,20,20,20,0.2857,52
Boltz-2,5DK3,0.261,13,13,13,0.1972,58
Boltz-2,5DR5,0.8715,8,8,8,0.1391,52
Boltz-2,5F7E,0.7452,12,12,12,0.1482,50
Boltz-2,5GGQ,0.682,6,6,6,0.1917,52
Boltz-2,5JQD,1.1139,13,13,13,0.2689,54
Boltz-2,5KG9,0.6859,9,9,9,0.333,47
Boltz-2,5WT9,0.2076,6,6,6,0.1476,50
Boltz-2,6MTS,3.5996,21,21,21,0.2677,52
Boltz-2,6QN8,5.6619,27,27,27,0.2191,49
Boltz-2,7K8Q,5.2862,22,22,22,0.1519,48
Boltz-2,8FAB,1.6343,14,14,14,0.1944,54
Chai-1,1AD0,1.8956,12,12,12,0.224,51
Chai-1,1AD9,1.9653,13,13,13,0.1804,55
Chai-1,1B2W,0.8599,10,10,10,0.3266,41
Chai-1,1DFB,1.8127,19,19,19,0.2856,55
Chai-1,1DN0,0.9169,14,14,14,0.2246,55
Chai-1,1FGV,2.1364,13,13,17,0.3253,61
Chai-1,1FVC,1.9403,13,13,13,0.2544,56
Chai-1,1FVD,1.5532,13,13,13,0.2828,60
Chai-1,1HEZ,0.4603,14,14,14,0.2782,55
Chai-1,1IT9,0.3241,14,14,14,0.2445,65
Chai-1,1JPT,0.1853,10,10,10,0.2398,48
Chai-1,1MCO,2.9435,9,9,9,0.9977,41
Chai-1,1R24,1.6549,15,15,15,0.3662,38
Chai-1,1RHH,4.6409,24,24,24,0.4877,47
Chai-1,1RZ7,0.208,12,12,12,0.1775,55
Chai-1,1S3K,0.4542,12,12,12,0.1591,47
Chai-1,1T04,0.7716,10,10,10,0.2896,59
Chai-1,1T3F,1.0391,10,10,10,0.1703,52
Chai-1,1U6A,2.8207,17,17,17,0.2311,50
Chai-1,2AGJ,1.6385,12,12,12,0.3616,59
Chai-1,2D7T,0.8666,9,9,9,0.1975,54
Chai-1,2EH7,1.6027,8,8,8,0.1911,53
Chai-1,2FB4,1.9545,19,19,19,0.206,44
Chai-1,2FGW,1.4206,9,9,17,0.38,56
Chai-1,2G75,0.3404,11,11,11,0.206,45
Chai-1,2GCY,0.3334,11,11,11,0.2547,54
Chai-1,2HFF,0.5503,12,12,18,0.1981,55
Chai-1,2IG2,1.945,19,19,19,0.2807,45
Chai-1,2XA8,1.4625,14,14,14,0.4375,56
Chai-1,2XZC,2.1039,12,12,12,0.3614,30
Chai-1,3EO9,1.431,14,14,14,0.3267,65
Chai-1,3EOT,0.3366,12,12,12,0.1627,59
Chai-1,3FZU,1.0391,9,9,9,0.2426,43
Chai-1,3G6A,0.5911,15,15,15,0.1856,59
Chai-1,3HC3,0.2503,9,9,9,0.2303,55
Chai-1,3IDG,0.491,24,24,24,0.1115,54
Chai-1,4F57,3.0665,18,18,18,0.1653,50
Chai-1,4FQC,2.8436,26,26,26,0.305,50
Chai-1,4FZ8,2.4616,24,24,24,0.3417,38
Chai-1,4G5Z,0.3138,11,11,11,0.1407,47
Chai-1,4OSU,3.4369,21,21,24,0.2364,44
Chai-1,4R7N,0.8657,11,11,11,0.3928,55
Chai-1,4UOK,2.3826,9,9,9,0.3126,47
Chai-1,5AWN,2.0631,21,21,21,0.2537,57
Chai-1,5BZD,0.4965,22,22,22,0.1939,43
Chai-1,5CEX,2.0367,26,26,26,0.2899,61
Chai-1,5CGY,2.6729,20,20,20,0.2707,51
Chai-1,5DK3,0.5437,13,13,13,0.2583,60
Chai-1,5DR5,2.2026,8,8,8,0.1704,48
Chai-1,5F7E,0.7554,12,12,12,0.1667,54
Chai-1,5GGQ,0.227,6,6,6,0.2223,51
Chai-1,5JQD,1.5377,13,13,13,0.2233,45
Chai-1,5KG9,0.6715,9,9,9,0.3308,46
Chai-1,5WT9,0.201,6,6,6,0.1572,51
Chai-1,6MTS,3.9418,21,21,21,0.2825,55
Chai-1,6QN8,5.4385,27,27,27,0.1969,49
Chai-1,7K8Q,5.7593,22,22,22,0.17,48
Chai-1,8FAB,1.6415,14,14,14,0.2053,52
ESMFold2,1AD0,1.2496,12,12,12,0.182,49
ESMFold2,1AD9,2.0122,13,13,13,0.2069,59
ESMFold2,1B2W,0.9717,10,10,10,0.3531,42
ESMFold2,1DFB,1.4263,19,19,19,0.2767,59
ESMFold2,1DN0,1.9146,14,14,14,0.2097,55
ESMFold2,1FGV,2.1282,13,13,17,0.2655,58
ESMFold2,1FVC,2.0917,13,13,13,0.1979,50
ESMFold2,1FVD,1.5811,13,13,13,0.2545,61
ESMFold2,1HEZ,0.42,14,14,14,0.2972,54
ESMFold2,1IT9,0.2879,14,14,14,0.2387,67
ESMFold2,1JPT,0.2108,10,10,10,0.1855,44
ESMFold2,1MCO,3.0235,9,9,9,1.0307,41
ESMFold2,1R24,3.0286,15,15,15,0.3669,40
ESMFold2,1RHH,4.844,24,24,24,0.4001,47
ESMFold2,1RZ7,0.2621,12,12,12,0.1814,57
ESMFold2,1S3K,0.2839,12,12,12,0.1238,50
ESMFold2,1T04,0.6509,10,10,10,0.2971,59
ESMFold2,1T3F,0.9329,10,10,10,0.1566,53
ESMFold2,1U6A,2.7378,17,17,17,0.2285,53
ESMFold2,2AGJ,0.5265,12,12,12,0.2598,58
ESMFold2,2D7T,1.1523,9,9,9,0.204,58
ESMFold2,2EH7,2.5749,8,8,8,0.2306,53
ESMFold2,2FB4,2.1858,19,19,19,0.1944,45
ESMFold2,2FGW,1.5038,9,9,17,0.3195,57
ESMFold2,2G75,1.5679,11,11,11,0.1803,45
ESMFold2,2GCY,1.1933,11,11,11,0.2412,50
ESMFold2,2HFF,0.537,12,12,18,0.1917,52
ESMFold2,2IG2,2.1937,19,19,19,0.2981,46
ESMFold2,2XA8,1.912,14,14,14,0.4151,55
ESMFold2,2XZC,2.1362,12,12,12,0.2947,27
ESMFold2,3EO9,1.2824,14,14,14,0.2553,61
ESMFold2,3EOT,0.4605,12,12,12,0.1586,61
ESMFold2,3FZU,0.7652,9,9,9,0.201,44
ESMFold2,3G6A,0.6091,15,15,15,0.1867,58
ESMFold2,3HC3,0.1906,9,9,9,0.1399,51
ESMFold2,3IDG,0.2096,24,24,24,0.1189,52
ESMFold2,4F57,0.8324,18,18,18,0.1304,50
ESMFold2,4FQC,0.3349,26,26,26,0.2613,57
ESMFold2,4FZ8,5.429,24,24,24,0.3125,37
ESMFold2,4G5Z,0.3279,11,11,11,0.139,48
ESMFold2,4OSU,2.8984,21,21,24,0.1563,46
ESMFold2,4R7N,0.75,11,11,11,0.3308,55
ESMFold2,4UOK,2.3814,9,9,9,0.3294,56
ESMFold2,5AWN,1.7907,21,21,21,0.2255,56
ESMFold2,5BZD,1.0141,22,22,22,0.1868,46
ESMFold2,5CEX,2.6169,26,26,26,0.3182,64
ESMFold2,5CGY,2.6573,20,20,20,0.2369,50
ESMFold2,5DK3,0.1647,13,13,13,0.1643,55
ESMFold2,5DR5,0.5071,8,8,8,0.1604,51
ESMFold2,5F7E,0.3466,12,12,12,0.1351,49
ESMFold2,5GGQ,0.2964,6,6,6,0.195,53
ESMFold2,5JQD,0.3956,13,13,13,0.2239,48
ESMFold2,5KG9,0.6333,9,9,9,0.3499,46
ESMFold2,5WT9,0.2061,6,6,6,0.1076,46
ESMFold2,6MTS,3.5702,21,21,21,0.2657,53
ESMFold2,6QN8,1.038,27,27,27,0.2357,58
ESMFold2,7K8Q,5.8624,22,22,22,0.1618,53
ESMFold2,8FAB,1.6623,14,14,14,0.1906,53
Ibex,1AD0,1.8017,12,12,12,0.1965,52
Ibex,1AD9,1.7961,13,13,13,0.2559,60
Ibex,1B2W,1.0504,10,10,10,0.3824,41
Ibex,1DFB,1.7286,19,19,19,0.4364,56
Ibex,1DN0,1.0005,14,14,14,0.2804,57
Ibex,1FGV,1.6453,13,13,17,0.2159,48
Ibex,1FVC,1.116,13,13,13,0.2517,54
Ibex,1FVD,1.3447,13,13,13,0.2729,58
Ibex,1HEZ,0.3813,14,14,14,0.2941,56
Ibex,1IT9,1.4058,14,14,14,0.2671,57
Ibex,1JPT,0.3643,10,10,10,0.3482,55
Ibex,1MCO,2.4818,9,9,9,1.089,41
Ibex,1R24,2.55,15,15,15,0.8868,12
Ibex,1RHH,4.8842,24,24,24,0.3818,45
Ibex,1RZ7,1.1273,12,12,12,2.6857,27
Ibex,1S3K,0.4752,12,12,12,0.2709,43
Ibex,1T04,0.6212,10,10,10,0.3205,58
Ibex,1T3F,0.8697,10,10,10,0.2511,57
Ibex,1U6A,0.7273,17,17,17,0.2419,53
Ibex,2AGJ,1.4683,12,12,12,0.3019,59
Ibex,2D7T,0.9709,9,9,9,0.2254,55
Ibex,2EH7,2.3557,8,8,8,0.2334,56
Ibex,2FB4,0.9989,19,19,19,0.2943,43
Ibex,2FGW,1.6303,9,9,17,0.3697,54
Ibex,2G75,0.3464,11,11,11,0.2898,47
Ibex,2GCY,1.196,11,11,11,0.2515,52
Ibex,2HFF,0.5736,12,12,18,0.2617,56
Ibex,2IG2,1.0583,19,19,19,0.3703,43
Ibex,2XA8,1.8525,14,14,14,0.3438,55
Ibex,2XZC,1.9583,12,12,12,0.5627,14
Ibex,3EO9,1.4204,14,14,14,0.3308,59
Ibex,3EOT,0.5858,12,12,12,0.192,58
Ibex,3FZU,0.6953,9,9,9,0.2642,48
Ibex,3G6A,0.4475,15,15,15,0.2496,55
Ibex,3HC3,1.5624,9,9,9,0.6605,23
Ibex,3IDG,1.4348,24,24,24,1.0811,28
Ibex,4F57,1.1961,18,18,18,0.2422,45
Ibex,4FQC,0.8355,26,26,26,0.426,56
Ibex,4FZ8,2.7381,24,24,24,0.3789,37
Ibex,4G5Z,0.7057,11,11,11,0.2526,45
Ibex,4OSU,3.056,21,21,24,0.3008,44
Ibex,4R7N,0.6295,11,11,11,0.348,55
Ibex,4UOK,2.3471,9,9,9,0.3811,53
Ibex,5AWN,2.6237,21,21,21,0.9406,29
Ibex,5BZD,1.2567,22,22,22,0.1948,44
Ibex,5CEX,0.6885,26,26,26,0.4923,65
Ibex,5CGY,3.63,20,20,20,0.3317,46
Ibex,5DK3,0.2339,13,13,13,0.2407,61
Ibex,5DR5,0.3185,8,8,8,0.2233,54
Ibex,5F7E,0.4932,12,12,12,0.3108,55
Ibex,5GGQ,0.2883,6,6,6,0.2397,55
Ibex,5JQD,0.6903,13,13,13,0.3212,52
Ibex,5KG9,1.0439,9,9,9,1.1028,11
Ibex,5WT9,0.2187,6,6,6,0.2146,52
Ibex,6MTS,4.5317,21,21,21,0.6131,20
Ibex,6QN8,1.5638,27,27,27,0.3623,51
Ibex,7K8Q,5.8466,22,22,22,0.2778,47
Ibex,8FAB,1.3029,14,14,14,0.2423,49
IgFold,1AD0,1.5155,12,12,12,0.2521,54
IgFold,1AD9,1.0505,13,13,13,0.2489,59
IgFold,1B2W,0.9619,10,10,10,0.4238,41
IgFold,1DFB,1.4752,19,19,19,0.2975,54
IgFold,1DN0,1.4162,14,14,14,0.2568,56
IgFold,1FGV,2.0645,13,13,17,0.2711,54
IgFold,1FVC,1.0898,13,13,13,0.2823,55
IgFold,1FVD,1.255,13,13,13,0.3132,59
IgFold,1HEZ,1.3145,14,14,14,0.2974,54
IgFold,1IT9,1.1754,14,14,14,0.3093,62
IgFold,1JPT,0.999,10,10,10,0.3194,53
IgFold,1MCO,0.9732,9,9,9,0.9583,41
IgFold,1R24,1.388,15,15,15,0.4201,41
IgFold,1RHH,3.3094,24,24,24,0.5731,53
IgFold,1RZ7,1.2364,12,12,12,0.3085,58
IgFold,1S3K,1.0677,12,12,12,0.2391,50
IgFold,1T04,0.9865,10,10,10,0.3383,59
IgFold,1T3F,0.635,10,10,10,0.228,59
IgFold,1U6A,2.3697,17,17,17,0.3102,55
IgFold,2AGJ,1.4333,12,12,12,0.3314,60
IgFold,2D7T,1.168,9,9,9,0.297,58
IgFold,2EH7,2.0909,8,8,8,0.2691,58
IgFold,2FB4,2.0366,19,19,19,0.1816,46
IgFold,2FGW,1.5144,9,9,17,0.3796,56
IgFold,2G75,0.6839,11,11,11,0.3525,53
IgFold,2GCY,0.434,11,11,11,0.2615,52
IgFold,2HFF,0.9575,12,12,18,0.2564,55
IgFold,2IG2,2.0434,19,19,19,0.2888,47
IgFold,2XA8,1.6473,14,14,14,0.33,56
IgFold,2XZC,1.8244,12,12,12,0.356,29
IgFold,3EO9,1.4749,14,14,14,0.2813,56
IgFold,3EOT,1.9363,12,12,12,0.1818,62
IgFold,3FZU,1.1785,9,9,9,0.2979,47
IgFold,3G6A,1.3922,15,15,15,0.2157,55
IgFold,3HC3,0.4439,9,9,9,0.3168,54
IgFold,3IDG,1.4506,24,24,24,0.2594,53
IgFold,4F57,1.7027,18,18,18,0.1651,47
IgFold,4FQC,1.0766,26,26,26,0.3825,49
IgFold,4FZ8,3.0814,24,24,24,0.3385,36
IgFold,4G5Z,1.0554,11,11,11,0.1961,51
IgFold,4OSU,2.511,21,21,24,0.2881,46
IgFold,4R7N,0.7605,11,11,11,0.3989,52
IgFold,4UOK,2.4329,9,9,9,0.3394,55
IgFold,5AWN,2.3032,21,21,21,0.345,54
IgFold,5BZD,2.5966,22,22,22,0.2754,45
IgFold,5CEX,1.4504,26,26,26,0.2957,52
IgFold,5CGY,3.5111,20,20,20,0.331,52
IgFold,5DK3,1.4086,13,13,13,0.2836,53
IgFold,5DR5,0.4655,8,8,8,0.2424,53
IgFold,5F7E,1.0125,12,12,12,0.2404,54
IgFold,5GGQ,1.624,6,6,6,0.2818,56
IgFold,5JQD,2.249,13,13,13,0.317,51
IgFold,5KG9,0.4709,9,9,9,0.3081,46
IgFold,5WT9,1.6067,6,6,6,0.221,52
IgFold,6MTS,3.2601,21,21,21,0.3375,49
IgFold,6QN8,3.3687,27,27,27,0.3225,49
IgFold,7K8Q,4.257,22,22,22,0.2146,46
IgFold,8FAB,1.3195,14,14,14,0.2275,57
IntelliFold,1AD0,1.8987,12,12,12,0.1893,51
IntelliFold,1AD9,0.8275,13,13,13,0.1847,59
IntelliFold,1B2W,0.9037,10,10,10,0.3456,42
IntelliFold,1DFB,1.4082,19,19,19,0.2924,54
IntelliFold,1DN0,0.6865,14,14,14,0.2375,57
IntelliFold,1FGV,1.9659,13,13,17,0.2911,60
IntelliFold,1FVC,2.045,13,13,13,0.1994,50
IntelliFold,1FVD,1.5237,13,13,13,0.2254,58
IntelliFold,1HEZ,0.4526,14,14,14,0.2829,55
IntelliFold,1IT9,0.2228,14,14,14,0.2257,65
IntelliFold,1JPT,0.1728,10,10,10,0.1991,45
IntelliFold,1MCO,0.9994,9,9,9,1.0236,41
IntelliFold,1R24,1.3977,15,15,15,0.3799,39
IntelliFold,1RHH,4.878,24,24,24,0.4105,43
IntelliFold,1RZ7,0.2377,12,12,12,0.1743,57
IntelliFold,1S3K,0.1703,12,12,12,0.1328,51
IntelliFold,1T04,0.6487,10,10,10,0.334,62
IntelliFold,1T3F,1.1226,10,10,10,0.1606,52
IntelliFold,1U6A,0.4053,17,17,17,0.2311,55
IntelliFold,2AGJ,0.5639,12,12,12,0.2877,59
IntelliFold,2D7T,1.0775,9,9,9,0.2037,60
IntelliFold,2EH7,2.6055,8,8,8,0.182,52
IntelliFold,2FB4,1.8287,19,19,19,0.211,45
IntelliFold,2FGW,1.3057,9,9,17,0.2683,54
IntelliFold,2G75,1.8631,11,11,11,0.2022,46
IntelliFold,2GCY,0.3412,11,11,11,0.2133,48
IntelliFold,2HFF,0.2747,12,12,18,0.2489,62
IntelliFold,2IG2,1.8395,19,19,19,0.3251,47
IntelliFold,2XA8,2.0128,14,14,14,0.4374,56
IntelliFold,2XZC,2.0381,12,12,12,0.2704,26
IntelliFold,3EO9,1.3911,14,14,14,0.2739,66
IntelliFold,3EOT,0.4817,12,12,12,0.1444,60
IntelliFold,3FZU,0.6798,9,9,9,0.1934,43
IntelliFold,3G6A,0.1339,15,15,15,0.1497,55
IntelliFold,3HC3,0.396,9,9,9,0.169,54
IntelliFold,3IDG,0.2816,24,24,24,0.1354,53
IntelliFold,4F57,0.4218,18,18,18,0.1201,49
IntelliFold,4FQC,0.3609,26,26,26,0.2401,56
IntelliFold,4FZ8,5.5374,24,24,24,0.3329,37
IntelliFold,4G5Z,0.4336,11,11,11,0.1301,49
IntelliFold,4OSU,2.7315,21,21,24,0.1776,47
IntelliFold,4R7N,0.7053,11,11,11,0.2852,53
IntelliFold,4UOK,2.4466,9,9,9,0.3061,56
IntelliFold,5AWN,1.1647,21,21,21,0.2074,53
IntelliFold,5BZD,0.5396,22,22,22,0.2195,50
IntelliFold,5CEX,0.3556,26,26,26,0.3108,62
IntelliFold,5CGY,2.6147,20,20,20,0.2182,49
IntelliFold,5DK3,0.2914,13,13,13,0.1767,55
IntelliFold,5DR5,0.5121,8,8,8,0.1841,50
IntelliFold,5F7E,0.4268,12,12,12,0.1461,53
IntelliFold,5GGQ,0.1908,6,6,6,0.1739,49
IntelliFold,5JQD,0.823,13,13,13,0.2038,48
IntelliFold,5KG9,0.6642,9,9,9,0.3174,46
IntelliFold,5WT9,0.1472,6,6,6,0.1344,47
IntelliFold,6MTS,3.5876,21,21,21,0.2795,55
IntelliFold,6QN8,5.4032,27,27,27,0.2074,51
IntelliFold,7K8Q,5.1016,22,22,22,0.1512,48
IntelliFold,8FAB,1.6552,14,14,14,0.1979,53
OpenFold3,1AD0,0.655,12,12,12,0.2314,55
OpenFold3,1AD9,2.0885,13,13,13,0.1751,54
OpenFold3,1B2W,1.0709,10,10,10,0.3602,42
OpenFold3,1DFB,1.4544,19,19,19,0.2856,59
OpenFold3,1DN0,0.8239,14,14,14,0.259,54
OpenFold3,1FGV,3.685,13,13,17,0.2434,57
OpenFold3,1FVC,2.0419,13,13,13,0.1982,48
OpenFold3,1FVD,1.5511,13,13,13,0.2685,59
OpenFold3,1HEZ,2.9126,14,14,14,0.2852,54
OpenFold3,1IT9,2.4639,14,14,14,0.2404,58
OpenFold3,1JPT,0.2172,10,10,10,0.1801,46
OpenFold3,1MCO,0.9629,9,9,9,1.0383,41
OpenFold3,1R24,2.4505,15,15,15,0.3947,41
OpenFold3,1RHH,4.2402,24,24,24,0.4697,48
OpenFold3,1RZ7,0.1687,12,12,12,0.1828,55
OpenFold3,1S3K,0.2986,12,12,12,0.1294,49
OpenFold3,1T04,0.9606,10,10,10,0.3226,61
OpenFold3,1T3F,1.1795,10,10,10,0.167,54
OpenFold3,1U6A,2.9814,17,17,17,0.2466,55
OpenFold3,2AGJ,0.6753,12,12,12,0.3363,61
OpenFold3,2D7T,0.7946,9,9,9,0.2488,59
OpenFold3,2EH7,2.4396,8,8,8,0.2388,58
OpenFold3,2FB4,2.0034,19,19,19,0.1885,47
OpenFold3,2FGW,1.3924,9,9,17,0.3468,56
OpenFold3,2G75,0.7335,11,11,11,0.2167,46
OpenFold3,2GCY,0.2389,11,11,11,0.2425,50
OpenFold3,2HFF,1.0068,12,12,18,0.1878,52
OpenFold3,2IG2,2.0071,19,19,19,0.2713,45
OpenFold3,2XA8,2.1284,14,14,14,0.4435,56
OpenFold3,2XZC,2.0301,12,12,12,0.2356,29
OpenFold3,3EO9,1.3811,14,14,14,0.2269,58
OpenFold3,3EOT,0.2763,12,12,12,0.1522,58
OpenFold3,3FZU,0.6201,9,9,9,0.1967,44
OpenFold3,3G6A,0.5173,15,15,15,0.155,59
OpenFold3,3HC3,0.2113,9,9,9,0.1973,57
OpenFold3,3IDG,0.4686,24,24,24,0.101,51
OpenFold3,4F57,1.5959,18,18,18,0.1522,48
OpenFold3,4FQC,2.7897,26,26,26,0.2919,51
OpenFold3,4FZ8,2.7725,24,24,24,0.3236,38
OpenFold3,4G5Z,0.9132,11,11,11,0.1511,49
OpenFold3,4OSU,3.7004,21,21,24,0.2059,43
OpenFold3,4R7N,0.5601,11,11,11,0.3482,55
OpenFold3,4UOK,2.412,9,9,9,0.243,49
OpenFold3,5AWN,2.0253,21,21,21,0.2404,54
OpenFold3,5BZD,1.1007,22,22,22,0.1701,46
OpenFold3,5CEX,1.2907,26,26,26,0.2831,63
OpenFold3,5CGY,3.743,20,20,20,0.2138,44
OpenFold3,5DK3,0.2452,13,13,13,0.1935,56
OpenFold3,5DR5,0.8807,8,8,8,0.1838,51
OpenFold3,5F7E,0.4163,12,12,12,0.1796,55
OpenFold3,5GGQ,0.141,6,6,6,0.218,53
OpenFold3,5JQD,1.5639,13,13,13,0.298,52
OpenFold3,5KG9,0.6367,9,9,9,0.3307,46
OpenFold3,5WT9,0.1446,6,6,6,0.1421,49
OpenFold3,6MTS,3.9706,21,21,21,0.2455,53
OpenFold3,6QN8,5.738,27,27,27,0.2179,52
OpenFold3,7K8Q,5.1072,22,22,22,0.1559,47
OpenFold3,8FAB,1.6964,14,14,14,0.1883,52
