PDB_ID,Model,ref_n_pairs,pred_n_pairs,n_shared,jaccard,fraction_ref_recovered,side_chains_reconstructed
1AD0,AB_Fold_3,29,36.0,9.0,0.1607,0.3103,False
1AD0,ABodyBuilder3,29,21.0,18.0,0.5625,0.6207,False
1AD0,Alpha_Fold_2,29,29.0,21.0,0.5675675675675675,0.7241,False
1AD0,Boltz_2,29,27.0,22.0,0.6470588235294118,0.7586,False
1AD0,Chai1,29,27.0,21.0,0.6,0.7241,False
1AD0,ESMFold2,29,30.0,24.0,0.6857142857142857,0.8276,False
1AD0,Ibex,29,29.0,21.0,0.5676,0.7241,False
1AD0,IgFold,29,21.0,15.0,0.4286,0.5172,True
1AD0,Intellifold,29,30.0,23.0,0.6388888888888888,0.7931,False
1AD0,OpenFold3,29,29.0,24.0,0.7058823529411765,0.8276,False
1AD9,AB_Fold_3,29,27.0,10.0,0.2174,0.3448,False
1AD9,ABodyBuilder3,29,24.0,20.0,0.6061,0.6897,False
1AD9,Alpha_Fold_2,29,27.0,23.0,0.696969696969697,0.7931,False
1AD9,Boltz_2,29,32.0,23.0,0.6052631578947368,0.7931,False
1AD9,Chai1,29,33.0,23.0,0.5897435897435898,0.7931,False
1AD9,ESMFold2,29,33.0,22.0,0.55,0.7586,False
1AD9,Ibex,29,29.0,20.0,0.5263,0.6897,False
1AD9,IgFold,29,25.0,14.0,0.35,0.4828,True
1AD9,Intellifold,29,29.0,25.0,0.7575757575757576,0.8621,False
1AD9,OpenFold3,29,27.0,23.0,0.696969696969697,0.7931,False
1B2W,AB_Fold_3,26,25.0,7.0,0.1591,0.2692,False
1B2W,ABodyBuilder3,26,19.0,15.0,0.5,0.5769,False
1B2W,Alpha_Fold_2,26,30.0,24.0,0.75,0.9231,False
1B2W,Boltz_2,26,31.0,21.0,0.5833333333333334,0.8077,False
1B2W,Chai1,26,28.0,22.0,0.6875,0.8462,False
1B2W,ESMFold2,26,30.0,23.0,0.696969696969697,0.8846,False
1B2W,Ibex,26,28.0,21.0,0.6364,0.8077,False
1B2W,IgFold,26,27.0,12.0,0.2927,0.4615,True
1B2W,Intellifold,26,31.0,24.0,0.7272727272727273,0.9231,False
1B2W,OpenFold3,26,30.0,23.0,0.696969696969697,0.8846,False
1DFB,AB_Fold_3,29,23.0,11.0,0.2683,0.3793,False
1DFB,ABodyBuilder3,29,18.0,13.0,0.3824,0.4483,False
1DFB,Alpha_Fold_2,29,29.0,24.0,0.7058823529411765,0.8276,False
1DFB,Boltz_2,29,29.0,23.0,0.6571428571428571,0.7931,False
1DFB,Chai1,29,28.0,23.0,0.6764705882352942,0.7931,False
1DFB,ESMFold2,29,29.0,25.0,0.7575757575757576,0.8621,False
1DFB,Ibex,29,26.0,14.0,0.3415,0.4828,False
1DFB,IgFold,29,20.0,12.0,0.3243,0.4138,True
1DFB,Intellifold,29,29.0,24.0,0.7058823529411765,0.8276,False
1DFB,OpenFold3,29,31.0,25.0,0.7142857142857143,0.8621,False
1DN0,AB_Fold_3,27,12.0,6.0,0.1818,0.2222,False
1DN0,ABodyBuilder3,27,12.0,12.0,0.4444,0.4444,False
1DN0,Alpha_Fold_2,27,25.0,22.0,0.7333333333333333,0.8148,False
1DN0,Boltz_2,27,29.0,23.0,0.696969696969697,0.8519,False
1DN0,Chai1,27,27.0,23.0,0.7419354838709677,0.8519,False
1DN0,ESMFold2,27,26.0,24.0,0.8275862068965517,0.8889,False
1DN0,Ibex,27,26.0,23.0,0.7667,0.8519,False
1DN0,IgFold,27,19.0,11.0,0.3143,0.4074,True
1DN0,Intellifold,27,25.0,23.0,0.7931034482758621,0.8519,False
1DN0,OpenFold3,27,26.0,23.0,0.7666666666666667,0.8519,False
1FGV,AB_Fold_3,24,17.0,6.0,0.1714,0.25,False
1FGV,ABodyBuilder3,24,18.0,6.0,0.1667,0.25,False
1FGV,Alpha_Fold_2,24,30.0,7.0,0.1489361702127659,0.2917,False
1FGV,Boltz_2,24,31.0,8.0,0.1702127659574468,0.3333,False
1FGV,Chai1,24,32.0,8.0,0.1666666666666666,0.3333,False
1FGV,ESMFold2,24,30.0,9.0,0.2,0.375,False
1FGV,Ibex,24,26.0,7.0,0.1628,0.2917,False
1FGV,IgFold,24,22.0,4.0,0.0952,0.1667,True
1FGV,Intellifold,24,27.0,6.0,0.1333333333333333,0.25,False
1FGV,OpenFold3,24,28.0,6.0,0.1304347826086956,0.25,False
1FVC,AB_Fold_3,27,20.0,19.0,0.6786,0.7037,False
1FVC,ABodyBuilder3,27,20.0,19.0,0.6786,0.7037,False
1FVC,Alpha_Fold_2,27,27.0,23.0,0.7419354838709677,0.8519,False
1FVC,Boltz_2,27,29.0,25.0,0.8064516129032258,0.9259,False
1FVC,Chai1,27,29.0,25.0,0.8064516129032258,0.9259,False
1FVC,ESMFold2,27,28.0,24.0,0.7741935483870968,0.8889,False
1FVC,Ibex,27,29.0,22.0,0.6471,0.8148,False
1FVC,IgFold,27,21.0,13.0,0.3714,0.4815,True
1FVC,Intellifold,27,28.0,24.0,0.7741935483870968,0.8889,False
1FVC,OpenFold3,27,30.0,25.0,0.78125,0.9259,False
1FVD,AB_Fold_3,22,37.0,5.0,0.0926,0.2273,False
1FVD,ABodyBuilder3,22,21.0,17.0,0.6538,0.7727,False
1FVD,Alpha_Fold_2,22,26.0,18.0,0.6,0.8182,False
1FVD,Boltz_2,22,28.0,21.0,0.7241379310344828,0.9545,False
1FVD,Chai1,22,29.0,21.0,0.7,0.9545,False
1FVD,ESMFold2,22,27.0,20.0,0.6896551724137931,0.9091,False
1FVD,Ibex,22,26.0,17.0,0.5484,0.7727,False
1FVD,IgFold,22,26.0,16.0,0.5,0.7273,True
1FVD,Intellifold,22,26.0,20.0,0.7142857142857143,0.9091,False
1FVD,OpenFold3,22,26.0,19.0,0.6551724137931034,0.8636,False
1HEZ,AB_Fold_3,29,20.0,12.0,0.3243,0.4138,False
1HEZ,ABodyBuilder3,29,20.0,18.0,0.5806,0.6207,False
1HEZ,Alpha_Fold_2,29,24.0,21.0,0.65625,0.7241,False
1HEZ,Boltz_2,29,30.0,26.0,0.7878787878787878,0.8966,False
1HEZ,Chai1,29,31.0,27.0,0.8181818181818182,0.931,False
1HEZ,ESMFold2,29,30.0,27.0,0.84375,0.931,False
1HEZ,Ibex,29,33.0,28.0,0.8235,0.9655,False
1HEZ,IgFold,29,24.0,19.0,0.5588,0.6552,True
1HEZ,Intellifold,29,28.0,27.0,0.9,0.931,False
1HEZ,OpenFold3,29,25.0,15.0,0.3846153846153846,0.5172,False
1IT9,AB_Fold_3,31,33.0,5.0,0.0847,0.1613,False
1IT9,ABodyBuilder3,31,16.0,15.0,0.4688,0.4839,False
1IT9,Alpha_Fold_2,31,26.0,21.0,0.5833333333333334,0.6774,False
1IT9,Boltz_2,31,37.0,30.0,0.7894736842105263,0.9677,False
1IT9,Chai1,31,30.0,27.0,0.7941176470588235,0.871,False
1IT9,ESMFold2,31,32.0,29.0,0.8529411764705882,0.9355,False
1IT9,Ibex,31,35.0,26.0,0.65,0.8387,False
1IT9,IgFold,31,24.0,15.0,0.375,0.4839,True
1IT9,Intellifold,31,32.0,29.0,0.8529411764705882,0.9355,False
1IT9,OpenFold3,31,32.0,24.0,0.6153846153846154,0.7742,False
1JPT,AB_Fold_3,23,34.0,6.0,0.1176,0.2609,False
1JPT,ABodyBuilder3,23,26.0,18.0,0.5806,0.7826,False
1JPT,Alpha_Fold_2,23,28.0,21.0,0.7,0.913,False
1JPT,Boltz_2,23,29.0,21.0,0.6774193548387096,0.913,False
1JPT,Chai1,23,27.0,19.0,0.6129032258064516,0.8261,False
1JPT,ESMFold2,23,30.0,23.0,0.7666666666666667,1.0,False
1JPT,Ibex,23,27.0,22.0,0.7857,0.9565,False
1JPT,IgFold,23,22.0,10.0,0.2857,0.4348,True
1JPT,Intellifold,23,29.0,21.0,0.6774193548387096,0.913,False
1JPT,OpenFold3,23,34.0,23.0,0.6764705882352942,1.0,False
1MCO,AB_Fold_3,15,20.0,1.0,0.0294,0.0667,False
1MCO,ABodyBuilder3,15,18.0,3.0,0.1,0.2,False
1MCO,Alpha_Fold_2,15,25.0,3.0,0.081081081081081,0.2,False
1MCO,Boltz_2,15,30.0,4.0,0.0975609756097561,0.2667,False
1MCO,Chai1,15,23.0,5.0,0.1515151515151515,0.3333,False
1MCO,ESMFold2,15,27.0,3.0,0.0769230769230769,0.2,False
1MCO,Ibex,15,24.0,5.0,0.1471,0.3333,False
1MCO,IgFold,15,19.0,2.0,0.0625,0.1333,True
1MCO,Intellifold,15,26.0,4.0,0.1081081081081081,0.2667,
1MCO,OpenFold3,15,31.0,4.0,0.0952380952380952,0.2667,
1R24,AB_Fold_3,26,16.0,10.0,0.3125,0.3846,False
1R24,ABodyBuilder3,26,20.0,18.0,0.6429,0.6923,False
1R24,Alpha_Fold_2,26,29.0,21.0,0.6176470588235294,0.8077,False
1R24,Boltz_2,26,31.0,22.0,0.6285714285714286,0.8462,False
1R24,Chai1,26,31.0,23.0,0.6764705882352942,0.8846,False
1R24,ESMFold2,26,30.0,20.0,0.5555555555555556,0.7692,False
1R24,Ibex,26,31.0,18.0,0.4615,0.6923,False
1R24,IgFold,26,17.0,12.0,0.3871,0.4615,True
1R24,Intellifold,26,31.0,20.0,0.5405405405405406,0.7692,False
1R24,OpenFold3,26,31.0,21.0,0.5833333333333334,0.8077,False
1RHH,AB_Fold_3,31,25.0,1.0,0.0182,0.0323,False
1RHH,ABodyBuilder3,31,18.0,2.0,0.0426,0.0645,False
1RHH,Alpha_Fold_2,31,24.0,3.0,0.0576923076923076,0.0968,False
1RHH,Boltz_2,31,21.0,3.0,0.0612244897959183,0.0968,False
1RHH,Chai1,31,22.0,2.0,0.0392156862745098,0.0645,False
1RHH,ESMFold2,31,27.0,3.0,0.0545454545454545,0.0968,False
1RHH,Ibex,31,27.0,3.0,0.0545,0.0968,False
1RHH,IgFold,31,18.0,3.0,0.0652,0.0968,True
1RHH,Intellifold,31,24.0,3.0,0.0576923076923076,0.0968,False
1RHH,OpenFold3,31,25.0,2.0,0.037037037037037,0.0645,False
1RZ7,AB_Fold_3,28,22.0,0.0,0.0,0.0,False
1RZ7,ABodyBuilder3,28,22.0,2.0,0.0417,0.0714,False
1RZ7,Alpha_Fold_2,28,27.0,2.0,0.0377358490566037,0.0714,False
1RZ7,Boltz_2,28,31.0,2.0,0.0350877192982456,0.0714,False
1RZ7,Chai1,28,30.0,3.0,0.0545454545454545,0.1071,False
1RZ7,ESMFold2,28,29.0,3.0,0.0555555555555555,0.1071,False
1RZ7,Ibex,28,27.0,2.0,0.0377,0.0714,False
1RZ7,IgFold,28,21.0,2.0,0.0426,0.0714,True
1RZ7,Intellifold,28,28.0,3.0,0.0566037735849056,0.1071,False
1RZ7,OpenFold3,28,29.0,3.0,0.0555555555555555,0.1071,False
1S3K,AB_Fold_3,34,51.0,3.0,0.0366,0.0882,False
1S3K,ABodyBuilder3,34,21.0,21.0,0.6176,0.6176,False
1S3K,Alpha_Fold_2,34,30.0,29.0,0.8285714285714286,0.8529,False
1S3K,Boltz_2,34,34.0,32.0,0.8888888888888888,0.9412,False
1S3K,Chai1,34,32.0,31.0,0.8857142857142857,0.9118,False
1S3K,ESMFold2,34,36.0,34.0,0.9444444444444444,1.0,False
1S3K,Ibex,34,24.0,20.0,0.5263,0.5882,False
1S3K,IgFold,34,25.0,15.0,0.3409,0.4412,True
1S3K,Intellifold,34,34.0,34.0,1.0,1.0,False
1S3K,OpenFold3,34,33.0,32.0,0.9142857142857144,0.9412,False
1T04,AB_Fold_3,33,26.0,6.0,0.1132,0.1818,False
1T04,ABodyBuilder3,33,19.0,18.0,0.5294,0.5455,False
1T04,Alpha_Fold_2,33,29.0,26.0,0.7222222222222222,0.7879,False
1T04,Boltz_2,33,32.0,26.0,0.6666666666666666,0.7879,False
1T04,Chai1,33,30.0,26.0,0.7027027027027027,0.7879,False
1T04,ESMFold2,33,29.0,27.0,0.7714285714285715,0.8182,False
1T04,Ibex,33,27.0,25.0,0.7143,0.7576,False
1T04,IgFold,33,21.0,14.0,0.35,0.4242,True
1T04,Intellifold,33,31.0,28.0,0.7777777777777778,0.8485,False
1T04,OpenFold3,33,30.0,27.0,0.75,0.8182,False
1T3F,AB_Fold_3,27,26.0,5.0,0.1042,0.1852,False
1T3F,ABodyBuilder3,27,18.0,17.0,0.6071,0.6296,False
1T3F,Alpha_Fold_2,27,29.0,23.0,0.696969696969697,0.8519,False
1T3F,Boltz_2,27,34.0,26.0,0.7428571428571429,0.963,False
1T3F,Chai1,27,31.0,25.0,0.7575757575757576,0.9259,False
1T3F,ESMFold2,27,29.0,26.0,0.8666666666666667,0.963,False
1T3F,Ibex,27,26.0,22.0,0.7097,0.8148,False
1T3F,IgFold,27,19.0,14.0,0.4375,0.5185,True
1T3F,Intellifold,27,31.0,26.0,0.8125,0.963,False
1T3F,OpenFold3,27,30.0,24.0,0.7272727272727273,0.8889,False
1U6A,AB_Fold_3,28,27.0,0.0,0.0,0.0,False
1U6A,ABodyBuilder3,28,19.0,1.0,0.0217,0.0357,False
1U6A,Alpha_Fold_2,28,27.0,3.0,0.0576923076923076,0.1071,False
1U6A,Boltz_2,28,31.0,3.0,0.0535714285714285,0.1071,False
1U6A,Chai1,28,31.0,4.0,0.0727272727272727,0.1429,False
1U6A,ESMFold2,28,29.0,4.0,0.0754716981132075,0.1429,False
1U6A,Ibex,28,31.0,1.0,0.0172,0.0357,False
1U6A,IgFold,28,21.0,1.0,0.0208,0.0357,True
1U6A,Intellifold,28,29.0,3.0,0.0555555555555555,0.1071,False
1U6A,OpenFold3,28,31.0,3.0,0.0535714285714285,0.1071,False
2AGJ,AB_Fold_3,23,25.0,8.0,0.2,0.3478,False
2AGJ,ABodyBuilder3,23,19.0,13.0,0.4483,0.5652,False
2AGJ,Alpha_Fold_2,23,28.0,17.0,0.5,0.7391,False
2AGJ,Boltz_2,23,26.0,15.0,0.4411764705882353,0.6522,False
2AGJ,Chai1,23,29.0,17.0,0.4857142857142857,0.7391,False
2AGJ,ESMFold2,23,30.0,20.0,0.6060606060606061,0.8696,False
2AGJ,Ibex,23,24.0,15.0,0.4688,0.6522,False
2AGJ,IgFold,23,23.0,10.0,0.2778,0.4348,True
2AGJ,Intellifold,23,27.0,19.0,0.6129032258064516,0.8261,False
2AGJ,OpenFold3,23,29.0,21.0,0.6774193548387096,0.913,False
2D7T,AB_Fold_3,22,19.0,12.0,0.4138,0.5455,False
2D7T,ABodyBuilder3,22,17.0,12.0,0.4444,0.5455,False
2D7T,Alpha_Fold_2,22,27.0,16.0,0.4848484848484848,0.7273,False
2D7T,Boltz_2,22,25.0,14.0,0.4242424242424242,0.6364,False
2D7T,Chai1,22,27.0,20.0,0.6896551724137931,0.9091,False
2D7T,ESMFold2,22,28.0,18.0,0.5625,0.8182,False
2D7T,Ibex,22,26.0,15.0,0.4545,0.6818,False
2D7T,IgFold,22,26.0,10.0,0.2632,0.4545,True
2D7T,Intellifold,22,27.0,18.0,0.5806451612903226,0.8182,False
2D7T,OpenFold3,22,26.0,17.0,0.5483870967741935,0.7727,False
2EH7,AB_Fold_3,16,29.0,2.0,0.0465,0.125,False
2EH7,ABodyBuilder3,16,11.0,7.0,0.35,0.4375,False
2EH7,Alpha_Fold_2,16,17.0,12.0,0.5714285714285714,0.75,False
2EH7,Boltz_2,16,19.0,13.0,0.5909090909090909,0.8125,False
2EH7,Chai1,16,22.0,11.0,0.4074074074074074,0.6875,False
2EH7,ESMFold2,16,20.0,12.0,0.5,0.75,False
2EH7,Ibex,16,18.0,13.0,0.619,0.8125,False
2EH7,IgFold,16,14.0,9.0,0.4286,0.5625,True
2EH7,Intellifold,16,22.0,13.0,0.52,0.8125,False
2EH7,OpenFold3,16,21.0,13.0,0.5416666666666666,0.8125,False
2FB4,AB_Fold_3,26,16.0,11.0,0.3548,0.4231,False
2FB4,ABodyBuilder3,26,18.0,13.0,0.4194,0.5,False
2FB4,Alpha_Fold_2,26,28.0,20.0,0.5882352941176471,0.7692,False
2FB4,Boltz_2,26,27.0,22.0,0.7096774193548387,0.8462,False
2FB4,Chai1,26,31.0,24.0,0.7272727272727273,0.9231,False
2FB4,ESMFold2,26,31.0,24.0,0.7272727272727273,0.9231,False
2FB4,Ibex,26,23.0,13.0,0.3611,0.5,False
2FB4,IgFold,26,21.0,11.0,0.3056,0.4231,True
2FB4,Intellifold,26,26.0,22.0,0.7333333333333333,0.8462,False
2FB4,OpenFold3,26,25.0,23.0,0.8214285714285714,0.8846,False
2FGW,AB_Fold_3,22,47.0,3.0,0.0455,0.1364,False
2FGW,ABodyBuilder3,22,20.0,5.0,0.1351,0.2273,False
2FGW,Alpha_Fold_2,22,28.0,7.0,0.1627906976744186,0.3182,False
2FGW,Boltz_2,22,29.0,7.0,0.1590909090909091,0.3182,False
2FGW,Chai1,22,28.0,6.0,0.1363636363636363,0.2727,False
2FGW,ESMFold2,22,29.0,7.0,0.1590909090909091,0.3182,False
2FGW,Ibex,22,25.0,6.0,0.1463,0.2727,False
2FGW,IgFold,22,25.0,3.0,0.0682,0.1364,True
2FGW,Intellifold,22,28.0,7.0,0.1627906976744186,0.3182,False
2FGW,OpenFold3,22,27.0,6.0,0.1395348837209302,0.2727,False
2G75,AB_Fold_3,23,25.0,1.0,0.0213,0.0435,False
2G75,ABodyBuilder3,23,21.0,2.0,0.0476,0.087,False
2G75,Alpha_Fold_2,23,26.0,0.0,0.0,0.0,False
2G75,Boltz_2,23,24.0,0.0,0.0,0.0,False
2G75,Chai1,23,24.0,0.0,0.0,0.0,False
2G75,ESMFold2,23,25.0,0.0,0.0,0.0,False
2G75,Ibex,23,24.0,0.0,0.0,0.0,False
2G75,IgFold,23,17.0,2.0,0.0526,0.087,True
2G75,Intellifold,23,24.0,0.0,0.0,0.0,False
2G75,OpenFold3,23,25.0,1.0,0.0212765957446808,0.0435,False
2GCY,AB_Fold_3,28,18.0,10.0,0.2778,0.3571,False
2GCY,ABodyBuilder3,28,19.0,17.0,0.5667,0.6071,False
2GCY,Alpha_Fold_2,28,31.0,24.0,0.6857142857142857,0.8571,False
2GCY,Boltz_2,28,28.0,22.0,0.6470588235294118,0.7857,False
2GCY,Chai1,28,32.0,24.0,0.6666666666666666,0.8571,False
2GCY,ESMFold2,28,29.0,23.0,0.6764705882352942,0.8214,False
2GCY,Ibex,28,27.0,21.0,0.6176,0.75,False
2GCY,IgFold,28,23.0,16.0,0.4571,0.5714,True
2GCY,Intellifold,28,28.0,23.0,0.696969696969697,0.8214,False
2GCY,OpenFold3,28,29.0,23.0,0.6764705882352942,0.8214,False
2HFF,AB_Fold_3,24,28.0,1.0,0.0196,0.0417,False
2HFF,ABodyBuilder3,24,18.0,1.0,0.0244,0.0417,False
2HFF,Alpha_Fold_2,24,26.0,1.0,0.0204081632653061,0.0417,False
2HFF,Boltz_2,24,26.0,2.0,0.0416666666666666,0.0833,False
2HFF,Chai1,24,26.0,1.0,0.0204081632653061,0.0417,False
2HFF,ESMFold2,24,28.0,3.0,0.0612244897959183,0.125,False
2HFF,Ibex,24,26.0,2.0,0.0417,0.0833,False
2HFF,IgFold,24,16.0,2.0,0.0526,0.0833,True
2HFF,Intellifold,24,22.0,2.0,0.0454545454545454,0.0833,False
2HFF,OpenFold3,24,22.0,2.0,0.0454545454545454,0.0833,False
2IG2,AB_Fold_3,22,16.0,8.0,0.2667,0.3636,False
2IG2,ABodyBuilder3,22,18.0,10.0,0.3333,0.4545,False
2IG2,Alpha_Fold_2,22,29.0,18.0,0.5454545454545454,0.8182,False
2IG2,Boltz_2,22,26.0,17.0,0.5483870967741935,0.7727,False
2IG2,Chai1,22,32.0,20.0,0.5882352941176471,0.9091,False
2IG2,ESMFold2,22,31.0,20.0,0.6060606060606061,0.9091,False
2IG2,Ibex,22,22.0,13.0,0.4194,0.5909,False
2IG2,IgFold,22,18.0,8.0,0.25,0.3636,True
2IG2,Intellifold,22,26.0,18.0,0.6,0.8182,False
2IG2,OpenFold3,22,25.0,19.0,0.6785714285714286,0.8636,False
2XA8,AB_Fold_3,28,42.0,8.0,0.129,0.2857,False
2XA8,ABodyBuilder3,28,18.0,13.0,0.3939,0.4643,False
2XA8,Alpha_Fold_2,28,28.0,17.0,0.4358974358974359,0.6071,False
2XA8,Boltz_2,28,30.0,18.0,0.45,0.6429,False
2XA8,Chai1,28,31.0,20.0,0.5128205128205128,0.7143,False
2XA8,ESMFold2,28,35.0,21.0,0.5,0.75,False
2XA8,Ibex,28,36.0,21.0,0.4884,0.75,False
2XA8,IgFold,28,20.0,13.0,0.3714,0.4643,True
2XA8,Intellifold,28,29.0,16.0,0.3902439024390244,0.5714,False
2XA8,OpenFold3,28,29.0,20.0,0.5405405405405406,0.7143,False
2XZC,AB_Fold_3,19,14.0,3.0,0.1,0.1579,False
2XZC,ABodyBuilder3,19,13.0,12.0,0.6,0.6316,False
2XZC,Alpha_Fold_2,19,23.0,13.0,0.4482758620689655,0.6842,False
2XZC,Boltz_2,19,29.0,13.0,0.3714285714285714,0.6842,False
2XZC,Chai1,19,25.0,13.0,0.4193548387096774,0.6842,False
2XZC,ESMFold2,19,28.0,13.0,0.3823529411764705,0.6842,False
2XZC,Ibex,19,20.0,11.0,0.3929,0.5789,False
2XZC,IgFold,19,13.0,6.0,0.2308,0.3158,True
2XZC,Intellifold,19,24.0,13.0,0.4333333333333333,0.6842,False
2XZC,OpenFold3,19,29.0,12.0,0.3333333333333333,0.6316,False
3EO9,AB_Fold_3,38,32.0,13.0,0.2281,0.3421,False
3EO9,ABodyBuilder3,38,25.0,17.0,0.3696,0.4474,False
3EO9,Alpha_Fold_2,38,28.0,24.0,0.5714285714285714,0.6316,False
3EO9,Boltz_2,38,37.0,33.0,0.7857142857142857,0.8684,False
3EO9,Chai1,38,35.0,29.0,0.6590909090909091,0.7632,False
3EO9,ESMFold2,38,37.0,29.0,0.6304347826086957,0.7632,False
3EO9,Ibex,38,28.0,24.0,0.5714,0.6316,False
3EO9,IgFold,38,20.0,13.0,0.2889,0.3421,True
3EO9,Intellifold,38,34.0,27.0,0.6,0.7105,False
3EO9,OpenFold3,38,37.0,31.0,0.7045454545454546,0.8158,False
3EOT,AB_Fold_3,24,29.0,13.0,0.325,0.5417,False
3EOT,ABodyBuilder3,24,19.0,15.0,0.5357,0.625,False
3EOT,Alpha_Fold_2,24,28.0,22.0,0.7333333333333333,0.9167,False
3EOT,Boltz_2,24,26.0,23.0,0.8518518518518519,0.9583,False
3EOT,Chai1,24,25.0,23.0,0.8846153846153846,0.9583,False
3EOT,ESMFold2,24,25.0,23.0,0.8846153846153846,0.9583,False
3EOT,Ibex,24,30.0,20.0,0.5882,0.8333,False
3EOT,IgFold,24,21.0,11.0,0.3235,0.4583,True
3EOT,Intellifold,24,23.0,21.0,0.8076923076923077,0.875,False
3EOT,OpenFold3,24,27.0,21.0,0.7,0.875,False
3FZU,AB_Fold_3,23,34.0,8.0,0.1633,0.3478,False
3FZU,ABodyBuilder3,23,16.0,14.0,0.56,0.6087,False
3FZU,Alpha_Fold_2,23,24.0,20.0,0.7407407407407407,0.8696,False
3FZU,Boltz_2,23,25.0,18.0,0.6,0.7826,False
3FZU,Chai1,23,27.0,21.0,0.7241379310344828,0.913,False
3FZU,ESMFold2,23,31.0,22.0,0.6875,0.9565,False
3FZU,Ibex,23,23.0,18.0,0.6429,0.7826,False
3FZU,IgFold,23,11.0,9.0,0.36,0.3913,True
3FZU,Intellifold,23,20.0,17.0,0.6538461538461539,0.7391,False
3FZU,OpenFold3,23,27.0,20.0,0.6666666666666666,0.8696,False
3G6A,AB_Fold_3,31,17.0,12.0,0.3333,0.3871,False
3G6A,ABodyBuilder3,31,15.0,14.0,0.4375,0.4516,False
3G6A,Alpha_Fold_2,31,29.0,26.0,0.7647058823529411,0.8387,False
3G6A,Boltz_2,31,27.0,26.0,0.8125,0.8387,False
3G6A,Chai1,31,28.0,20.0,0.5128205128205128,0.6452,False
3G6A,ESMFold2,31,23.0,19.0,0.5428571428571428,0.6129,False
3G6A,Ibex,31,29.0,24.0,0.6667,0.7742,False
3G6A,IgFold,31,21.0,13.0,0.3333,0.4194,True
3G6A,Intellifold,31,28.0,27.0,0.84375,0.871,False
3G6A,OpenFold3,31,30.0,26.0,0.7428571428571429,0.8387,False
3HC3,AB_Fold_3,22,56.0,1.0,0.013,0.0455,False
3HC3,ABodyBuilder3,22,28.0,6.0,0.1364,0.2727,False
3HC3,Alpha_Fold_2,22,26.0,20.0,0.7142857142857143,0.9091,False
3HC3,Boltz_2,22,28.0,20.0,0.6666666666666666,0.9091,False
3HC3,Chai1,22,29.0,21.0,0.7,0.9545,False
3HC3,ESMFold2,22,26.0,20.0,0.7142857142857143,0.9091,False
3HC3,Ibex,22,15.0,10.0,0.3704,0.4545,False
3HC3,IgFold,22,13.0,8.0,0.2963,0.3636,True
3HC3,Intellifold,22,25.0,19.0,0.6785714285714286,0.8636,False
3HC3,OpenFold3,22,26.0,20.0,0.7142857142857143,0.9091,False
3IDG,AB_Fold_3,25,25.0,10.0,0.25,0.4,False
3IDG,ABodyBuilder3,25,21.0,18.0,0.6429,0.72,False
3IDG,Alpha_Fold_2,25,23.0,20.0,0.7142857142857143,0.8,False
3IDG,Boltz_2,25,25.0,24.0,0.9230769230769232,0.96,False
3IDG,Chai1,25,25.0,22.0,0.7857142857142857,0.88,False
3IDG,ESMFold2,25,27.0,25.0,0.925925925925926,1.0,False
3IDG,Ibex,25,21.0,14.0,0.4375,0.56,False
3IDG,IgFold,25,19.0,8.0,0.2222,0.32,True
3IDG,Intellifold,25,25.0,24.0,0.9230769230769232,0.96,False
3IDG,OpenFold3,25,26.0,24.0,0.8888888888888888,0.96,False
4F57,AB_Fold_3,29,18.0,14.0,0.4242,0.4828,False
4F57,ABodyBuilder3,29,20.0,17.0,0.5312,0.5862,False
4F57,Alpha_Fold_2,29,29.0,23.0,0.6571428571428571,0.7931,False
4F57,Boltz_2,29,30.0,20.0,0.5128205128205128,0.6897,False
4F57,Chai1,29,29.0,18.0,0.45,0.6207,False
4F57,ESMFold2,29,32.0,22.0,0.5641025641025641,0.7586,False
4F57,Ibex,29,33.0,21.0,0.5122,0.7241,False
4F57,IgFold,29,23.0,13.0,0.3333,0.4483,True
4F57,Intellifold,29,28.0,25.0,0.78125,0.8621,False
4F57,OpenFold3,29,31.0,24.0,0.6666666666666666,0.8276,False
4FQC,AB_Fold_3,33,26.0,1.0,0.0172,0.0303,False
4FQC,ABodyBuilder3,33,31.0,2.0,0.0323,0.0606,False
4FQC,Alpha_Fold_2,33,37.0,1.0,0.0144927536231884,0.0303,False
4FQC,Boltz_2,33,33.0,3.0,0.0476190476190476,0.0909,False
4FQC,Chai1,33,28.0,2.0,0.0338983050847457,0.0606,False
4FQC,ESMFold2,33,30.0,3.0,0.05,0.0909,False
4FQC,Ibex,33,29.0,2.0,0.0333,0.0606,False
4FQC,IgFold,33,33.0,1.0,0.0154,0.0303,True
4FQC,Intellifold,33,32.0,2.0,0.0317460317460317,0.0606,False
4FQC,OpenFold3,33,38.0,5.0,0.0757575757575757,0.1515,False
4FZ8,AB_Fold_3,32,35.0,11.0,0.1964,0.3438,False
4FZ8,ABodyBuilder3,32,19.0,17.0,0.5,0.5312,False
4FZ8,Alpha_Fold_2,32,21.0,13.0,0.325,0.4062,False
4FZ8,Boltz_2,32,30.0,18.0,0.4090909090909091,0.5625,False
4FZ8,Chai1,32,24.0,15.0,0.3658536585365853,0.4688,False
4FZ8,ESMFold2,32,35.0,15.0,0.2884615384615384,0.4688,False
4FZ8,Ibex,32,31.0,18.0,0.4,0.5625,False
4FZ8,IgFold,32,19.0,10.0,0.2439,0.3125,True
4FZ8,Intellifold,32,30.0,14.0,0.2916666666666667,0.4375,False
4FZ8,OpenFold3,32,30.0,18.0,0.4090909090909091,0.5625,False
4G5Z,AB_Fold_3,39,35.0,5.0,0.0725,0.1282,False
4G5Z,ABodyBuilder3,39,26.0,23.0,0.5476,0.5897,False
4G5Z,Alpha_Fold_2,39,31.0,28.0,0.6666666666666666,0.7179,False
4G5Z,Boltz_2,39,31.0,30.0,0.75,0.7692,False
4G5Z,Chai1,39,33.0,30.0,0.7142857142857143,0.7692,False
4G5Z,ESMFold2,39,32.0,29.0,0.6904761904761905,0.7436,False
4G5Z,Ibex,39,19.0,17.0,0.4146,0.4359,False
4G5Z,IgFold,39,22.0,18.0,0.4186,0.4615,True
4G5Z,Intellifold,39,34.0,31.0,0.7380952380952381,0.7949,False
4G5Z,OpenFold3,39,32.0,27.0,0.6136363636363636,0.6923,False
4OSU,AB_Fold_3,20,16.0,6.0,0.2,0.3,False
4OSU,ABodyBuilder3,20,16.0,7.0,0.2414,0.35,False
4OSU,Alpha_Fold_2,20,24.0,9.0,0.2571428571428571,0.45,False
4OSU,Boltz_2,20,20.0,9.0,0.2903225806451613,0.45,False
4OSU,Chai1,20,33.0,9.0,0.2045454545454545,0.45,False
4OSU,ESMFold2,20,22.0,10.0,0.3125,0.5,False
4OSU,Ibex,20,20.0,8.0,0.25,0.4,False
4OSU,IgFold,20,12.0,6.0,0.2308,0.3,True
4OSU,Intellifold,20,23.0,9.0,0.2647058823529412,0.45,False
4OSU,OpenFold3,20,27.0,9.0,0.2368421052631578,0.45,False
4R7N,AB_Fold_3,31,44.0,6.0,0.087,0.1935,False
4R7N,ABodyBuilder3,31,17.0,16.0,0.5,0.5161,False
4R7N,Alpha_Fold_2,31,28.0,26.0,0.7878787878787878,0.8387,False
4R7N,Boltz_2,31,32.0,28.0,0.8,0.9032,False
4R7N,Chai1,31,32.0,27.0,0.75,0.871,False
4R7N,ESMFold2,31,27.0,25.0,0.7575757575757576,0.8065,False
4R7N,Ibex,31,28.0,26.0,0.7879,0.8387,False
4R7N,IgFold,31,27.0,17.0,0.4146,0.5484,True
4R7N,Intellifold,31,31.0,27.0,0.7714285714285715,0.871,False
4R7N,OpenFold3,31,32.0,26.0,0.7027027027027027,0.8387,False
4UOK,AB_Fold_3,19,25.0,6.0,0.1579,0.3158,False
4UOK,ABodyBuilder3,19,14.0,7.0,0.2692,0.3684,False
4UOK,Alpha_Fold_2,19,23.0,9.0,0.2727272727272727,0.4737,False
4UOK,Boltz_2,19,25.0,7.0,0.1891891891891892,0.3684,False
4UOK,Chai1,19,26.0,9.0,0.25,0.4737,False
4UOK,ESMFold2,19,28.0,10.0,0.2702702702702703,0.5263,False
4UOK,Ibex,19,21.0,6.0,0.1765,0.3158,False
4UOK,IgFold,19,22.0,5.0,0.1389,0.2632,True
4UOK,Intellifold,19,26.0,9.0,0.25,0.4737,False
4UOK,OpenFold3,19,27.0,10.0,0.2777777777777778,0.5263,False
5AWN,AB_Fold_3,25,19.0,2.0,0.0476,0.08,False
5AWN,ABodyBuilder3,25,21.0,1.0,0.0222,0.04,False
5AWN,Alpha_Fold_2,25,27.0,4.0,0.0833333333333333,0.16,False
5AWN,Boltz_2,25,30.0,4.0,0.0784313725490196,0.16,False
5AWN,Chai1,25,25.0,4.0,0.0869565217391304,0.16,False
5AWN,ESMFold2,25,30.0,3.0,0.0576923076923076,0.12,False
5AWN,Ibex,25,38.0,3.0,0.05,0.12,False
5AWN,IgFold,25,28.0,1.0,0.0192,0.04,True
5AWN,Intellifold,25,27.0,2.0,0.04,0.08,False
5AWN,OpenFold3,25,25.0,2.0,0.0416666666666666,0.08,False
5BZD,AB_Fold_3,26,38.0,9.0,0.1636,0.3462,False
5BZD,ABodyBuilder3,26,16.0,14.0,0.5,0.5385,False
5BZD,Alpha_Fold_2,26,22.0,20.0,0.7142857142857143,0.7692,False
5BZD,Boltz_2,26,27.0,24.0,0.8275862068965517,0.9231,False
5BZD,Chai1,26,24.0,22.0,0.7857142857142857,0.8462,False
5BZD,ESMFold2,26,32.0,21.0,0.5675675675675675,0.8077,False
5BZD,Ibex,26,27.0,23.0,0.7667,0.8846,False
5BZD,IgFold,26,18.0,13.0,0.4194,0.5,True
5BZD,Intellifold,26,23.0,22.0,0.8148148148148148,0.8462,False
5BZD,OpenFold3,26,26.0,23.0,0.7931034482758621,0.8846,False
5CEX,AB_Fold_3,33,23.0,1.0,0.0182,0.0303,False
5CEX,ABodyBuilder3,33,26.0,1.0,0.0172,0.0303,False
5CEX,Alpha_Fold_2,33,30.0,0.0,0.0,0.0,False
5CEX,Boltz_2,33,36.0,2.0,0.0298507462686567,0.0606,False
5CEX,Chai1,33,34.0,1.0,0.0151515151515151,0.0303,False
5CEX,ESMFold2,33,36.0,3.0,0.0454545454545454,0.0909,False
5CEX,Ibex,33,24.0,0.0,0.0,0.0,False
5CEX,IgFold,33,26.0,0.0,0.0,0.0,True
5CEX,Intellifold,33,28.0,1.0,0.0166666666666666,0.0303,False
5CEX,OpenFold3,33,36.0,0.0,0.0,0.0,False
5CGY,AB_Fold_3,26,15.0,1.0,0.025,0.0385,False
5CGY,ABodyBuilder3,26,19.0,2.0,0.0465,0.0769,False
5CGY,Alpha_Fold_2,26,25.0,3.0,0.0625,0.1154,False
5CGY,Boltz_2,26,29.0,4.0,0.0784313725490196,0.1538,False
5CGY,Chai1,26,30.0,2.0,0.037037037037037,0.0769,False
5CGY,ESMFold2,26,31.0,2.0,0.0363636363636363,0.0769,False
5CGY,Ibex,26,21.0,3.0,0.0682,0.1154,False
5CGY,IgFold,26,22.0,2.0,0.0435,0.0769,True
5CGY,Intellifold,26,28.0,3.0,0.0588235294117647,0.1154,False
5CGY,OpenFold3,26,25.0,3.0,0.0625,0.1154,False
5DK3,AB_Fold_3,27,34.0,7.0,0.1296,0.2593,False
5DK3,ABodyBuilder3,27,16.0,14.0,0.4828,0.5185,False
5DK3,Alpha_Fold_2,27,30.0,25.0,0.78125,0.9259,False
5DK3,Boltz_2,27,32.0,26.0,0.7878787878787878,0.963,False
5DK3,Chai1,27,30.0,25.0,0.78125,0.9259,False
5DK3,ESMFold2,27,32.0,26.0,0.7878787878787878,0.963,False
5DK3,Ibex,27,33.0,24.0,0.6667,0.8889,False
5DK3,IgFold,27,23.0,12.0,0.3158,0.4444,True
5DK3,Intellifold,27,32.0,26.0,0.7878787878787878,0.963,False
5DK3,OpenFold3,27,29.0,26.0,0.8666666666666667,0.963,
5DR5,AB_Fold_3,20,23.0,6.0,0.1622,0.3,False
5DR5,ABodyBuilder3,20,17.0,15.0,0.6818,0.75,False
5DR5,Alpha_Fold_2,20,21.0,18.0,0.782608695652174,0.9,False
5DR5,Boltz_2,20,26.0,19.0,0.7037037037037037,0.95,False
5DR5,Chai1,20,27.0,16.0,0.5161290322580645,0.8,False
5DR5,ESMFold2,20,26.0,18.0,0.6428571428571429,0.9,False
5DR5,Ibex,20,23.0,19.0,0.7917,0.95,False
5DR5,IgFold,20,15.0,11.0,0.4583,0.55,True
5DR5,Intellifold,20,23.0,18.0,0.72,0.9,False
5DR5,OpenFold3,20,26.0,17.0,0.5862068965517241,0.85,False
5F7E,AB_Fold_3,25,32.0,0.0,0.0,0.0,False
5F7E,ABodyBuilder3,25,15.0,1.0,0.0256,0.04,False
5F7E,Alpha_Fold_2,25,22.0,2.0,0.0444444444444444,0.08,False
5F7E,Boltz_2,25,28.0,3.0,0.06,0.12,False
5F7E,Chai1,25,23.0,1.0,0.0212765957446808,0.04,False
5F7E,ESMFold2,25,25.0,2.0,0.0416666666666666,0.08,False
5F7E,Ibex,25,19.0,2.0,0.0476,0.08,False
5F7E,IgFold,25,17.0,1.0,0.0244,0.04,True
5F7E,Intellifold,25,22.0,2.0,0.0444444444444444,0.08,False
5F7E,OpenFold3,25,24.0,2.0,0.0425531914893617,0.08,False
5GGQ,AB_Fold_3,23,35.0,1.0,0.0175,0.0435,False
5GGQ,ABodyBuilder3,23,16.0,2.0,0.0541,0.087,False
5GGQ,Alpha_Fold_2,23,22.0,2.0,0.0465116279069767,0.087,False
5GGQ,Boltz_2,23,19.0,1.0,0.024390243902439,0.0435,False
5GGQ,Chai1,23,22.0,2.0,0.0465116279069767,0.087,False
5GGQ,ESMFold2,23,21.0,2.0,0.0476190476190476,0.087,False
5GGQ,Ibex,23,23.0,1.0,0.0222,0.0435,False
5GGQ,IgFold,23,17.0,3.0,0.0811,0.1304,True
5GGQ,Intellifold,23,23.0,2.0,0.0454545454545454,0.087,False
5GGQ,OpenFold3,23,19.0,1.0,0.024390243902439,0.0435,False
5JQD,AB_Fold_3,17,25.0,0.0,0.0,0.0,False
5JQD,ABodyBuilder3,17,14.0,1.0,0.0333,0.0588,False
5JQD,Alpha_Fold_2,17,23.0,0.0,0.0,0.0,False
5JQD,Boltz_2,17,22.0,0.0,0.0,0.0,False
5JQD,Chai1,17,27.0,1.0,0.0232558139534883,0.0588,False
5JQD,ESMFold2,17,18.0,0.0,0.0,0.0,False
5JQD,Ibex,17,23.0,0.0,0.0,0.0,False
5JQD,IgFold,17,15.0,1.0,0.0323,0.0588,True
5JQD,Intellifold,17,22.0,0.0,0.0,0.0,False
5JQD,OpenFold3,17,21.0,0.0,0.0,0.0,False
5KG9,AB_Fold_3,21,14.0,0.0,0.0,0.0,False
5KG9,ABodyBuilder3,21,18.0,0.0,0.0,0.0,False
5KG9,Alpha_Fold_2,21,20.0,0.0,0.0,0.0,False
5KG9,Boltz_2,21,22.0,0.0,0.0,0.0,False
5KG9,Chai1,21,25.0,0.0,0.0,0.0,False
5KG9,ESMFold2,21,26.0,0.0,0.0,0.0,False
5KG9,Ibex,21,35.0,0.0,0.0,0.0,False
5KG9,IgFold,21,20.0,0.0,0.0,0.0,True
5KG9,Intellifold,21,23.0,0.0,0.0,0.0,False
5KG9,OpenFold3,21,25.0,0.0,0.0,0.0,False
5WT9,AB_Fold_3,21,18.0,9.0,0.3,0.4286,False
5WT9,ABodyBuilder3,21,16.0,1.0,0.0278,0.0476,False
5WT9,Alpha_Fold_2,21,22.0,1.0,0.0238095238095238,0.0476,False
5WT9,Boltz_2,21,20.0,1.0,0.025,0.0476,False
5WT9,Chai1,21,22.0,1.0,0.0238095238095238,0.0476,False
5WT9,ESMFold2,21,21.0,1.0,0.024390243902439,0.0476,False
5WT9,Ibex,21,22.0,19.0,0.7917,0.9048,False
5WT9,IgFold,21,16.0,1.0,0.0278,0.0476,True
5WT9,Intellifold,21,23.0,1.0,0.0232558139534883,0.0476,False
5WT9,OpenFold3,21,19.0,1.0,0.0256410256410256,0.0476,False
6MTS,AB_Fold_3,28,23.0,14.0,0.3784,0.5,False
6MTS,ABodyBuilder3,28,19.0,16.0,0.5161,0.5714,False
6MTS,Alpha_Fold_2,28,29.0,19.0,0.5,0.6786,False
6MTS,Boltz_2,28,32.0,19.0,0.4634146341463415,0.6786,False
6MTS,Chai1,28,30.0,21.0,0.5675675675675675,0.75,False
6MTS,ESMFold2,28,28.0,23.0,0.696969696969697,0.8214,False
6MTS,Ibex,28,30.0,10.0,0.2083,0.3571,False
6MTS,IgFold,28,27.0,11.0,0.25,0.3929,
6MTS,Intellifold,28,30.0,20.0,0.5263157894736842,0.7143,False
6MTS,OpenFold3,28,30.0,21.0,0.5675675675675675,0.75,False
6QN8,AB_Fold_3,26,16.0,1.0,0.0244,0.0385,False
6QN8,ABodyBuilder3,26,18.0,1.0,0.0233,0.0385,False
6QN8,Alpha_Fold_2,26,23.0,1.0,0.0208333333333333,0.0385,False
6QN8,Boltz_2,26,30.0,2.0,0.037037037037037,0.0769,False
6QN8,Chai1,26,19.0,1.0,0.0227272727272727,0.0385,False
6QN8,ESMFold2,26,27.0,2.0,0.0392156862745098,0.0769,False
6QN8,Ibex,26,36.0,2.0,0.0333,0.0769,False
6QN8,IgFold,26,14.0,1.0,0.0256,0.0385,True
6QN8,Intellifold,26,27.0,1.0,0.0192307692307692,0.0385,False
6QN8,OpenFold3,26,28.0,1.0,0.0188679245283018,0.0385,False
7K8Q,AB_Fold_3,28,21.0,14.0,0.4,0.5,False
7K8Q,ABodyBuilder3,28,21.0,18.0,0.5806,0.6429,False
7K8Q,Alpha_Fold_2,28,28.0,19.0,0.5135135135135135,0.6786,False
7K8Q,Boltz_2,28,29.0,22.0,0.6285714285714286,0.7857,False
7K8Q,Chai1,28,30.0,20.0,0.5263157894736842,0.7143,False
7K8Q,ESMFold2,28,37.0,22.0,0.5116279069767442,0.7857,False
7K8Q,Ibex,28,28.0,15.0,0.3659,0.5357,False
7K8Q,IgFold,28,20.0,11.0,0.2973,0.3929,True
7K8Q,Intellifold,28,29.0,20.0,0.5405405405405406,0.7143,False
7K8Q,OpenFold3,28,26.0,19.0,0.5428571428571428,0.6786,False
8FAB,AB_Fold_3,24,18.0,1.0,0.0244,0.0417,False
8FAB,ABodyBuilder3,24,15.0,0.0,0.0,0.0,False
8FAB,Alpha_Fold_2,24,22.0,1.0,0.0222222222222222,0.0417,False
8FAB,Boltz_2,24,26.0,1.0,0.0204081632653061,0.0417,False
8FAB,Chai1,24,27.0,2.0,0.0408163265306122,0.0833,False
8FAB,ESMFold2,24,27.0,2.0,0.0408163265306122,0.0833,False
8FAB,Ibex,24,27.0,1.0,0.02,0.0417,False
8FAB,IgFold,24,22.0,1.0,0.0222,0.0417,True
8FAB,Intellifold,24,26.0,1.0,0.0204081632653061,0.0417,False
8FAB,OpenFold3,24,32.0,1.0,0.0181818181818181,0.0417,False
