Model,CDRH3_IMGT_median_A,CI_lo_A,CI_hi_A,n_targets,CDRH3_fixed_window_median_A,IMGT_over_fixed_ratio
IntelliFold,0.8252,0.5518,1.3517,58,0.6845,1.21
ABodyBuilder3,0.9327,0.756,1.3036,58,0.8388,1.11
Ibex,1.1616,0.9709,1.4348,58,0.9433,1.23
Boltz-2,1.1666,0.8444,1.567,58,0.975,1.2
ESMFold2,1.1728,0.7576,1.6623,58,0.9656,1.21
OpenFold3,1.3359,0.9218,1.8518,58,1.1391,1.17
AlphaFold 2,1.342,1.0492,1.8913,58,1.1592,1.16
IgFold,1.4248,1.2457,1.5698,58,1.1324,1.26
Chai-1,1.5001,0.8662,1.8765,58,1.1246,1.33
AbFold,2.296,1.749,2.808,58,2.9212,0.79
