Model,PDB_ID,L3_IMGT_RMSD,L3_n_aligned,n_ref_l3,n_pred_l3,framework_rmsd,framework_n,framework_fallback
ABodyBuilder3,1AD0,0.4417,9,9,9,0.3346,45,False
ABodyBuilder3,1AD9,0.2621,9,9,9,0.444,47,False
ABodyBuilder3,1B2W,0.4546,9,9,9,0.4243,45,False
ABodyBuilder3,1DFB,0.6427,7,7,7,0.3452,46,False
ABodyBuilder3,1DN0,0.202,9,9,9,0.3169,50,False
ABodyBuilder3,1FGV,0.3418,9,9,9,0.2953,44,False
ABodyBuilder3,1FVC,0.224,9,9,9,0.3075,52,False
ABodyBuilder3,1FVD,0.1823,9,9,9,0.3557,53,False
ABodyBuilder3,1HEZ,0.1858,9,9,9,0.3214,49,False
ABodyBuilder3,1IT9,0.2076,9,9,9,0.3501,50,False
ABodyBuilder3,1JPT,0.2844,9,9,9,0.3067,49,False
ABodyBuilder3,1MCO,1.2161,10,10,10,0.6255,45,False
ABodyBuilder3,1R24,0.6357,9,9,9,0.4237,28,False
ABodyBuilder3,1RHH,0.2054,9,9,9,0.3037,51,False
ABodyBuilder3,1RZ7,0.3858,8,8,8,0.3632,49,False
ABodyBuilder3,1S3K,0.2305,9,9,9,0.3138,45,False
ABodyBuilder3,1T04,0.3907,9,9,9,0.3794,48,False
ABodyBuilder3,1T3F,0.2767,9,9,9,0.3289,51,False
ABodyBuilder3,1U6A,0.7014,9,9,9,0.3199,51,False
ABodyBuilder3,2AGJ,0.5216,9,9,9,0.3329,49,False
ABodyBuilder3,2D7T,0.2929,9,9,9,0.3554,50,False
ABodyBuilder3,2EH7,0.328,9,9,9,0.3109,42,False
ABodyBuilder3,2FB4,0.2837,11,11,11,0.3479,46,False
ABodyBuilder3,2FGW,0.3114,9,9,9,0.3899,46,False
ABodyBuilder3,2G75,0.3893,10,10,10,0.3488,48,False
ABodyBuilder3,2GCY,0.4719,9,9,9,0.272,47,False
ABodyBuilder3,2HFF,0.2898,9,9,9,0.2605,47,False
ABodyBuilder3,2IG2,0.3755,11,11,11,0.4723,39,False
ABodyBuilder3,2XA8,0.3393,9,9,9,0.3124,50,False
ABodyBuilder3,2XZC,1.9089,10,10,10,0.4034,33,False
ABodyBuilder3,3EO9,0.22,9,9,9,0.3033,49,False
ABodyBuilder3,3EOT,0.3296,9,9,9,0.3436,43,False
ABodyBuilder3,3FZU,0.3809,9,9,9,0.3227,51,False
ABodyBuilder3,3G6A,0.3981,10,10,10,0.293,44,False
ABodyBuilder3,3HC3,1.5931,9,9,9,0.4697,28,False
ABodyBuilder3,3IDG,0.2951,9,9,9,0.3063,50,False
ABodyBuilder3,4F57,0.382,10,10,10,0.2842,45,False
ABodyBuilder3,4FQC,0.4096,12,12,12,0.459,34,False
ABodyBuilder3,4FZ8,0.3379,8,8,8,0.4622,47,False
ABodyBuilder3,4G5Z,0.2344,9,9,9,0.3633,50,False
ABodyBuilder3,4OSU,0.4066,10,10,10,0.3703,40,False
ABodyBuilder3,4R7N,0.2153,9,9,9,0.3284,46,False
ABodyBuilder3,4UOK,0.3299,9,9,9,0.3757,50,False
ABodyBuilder3,5AWN,0.5409,10,10,10,0.3461,41,False
ABodyBuilder3,5BZD,0.3267,8,8,8,0.2735,45,False
ABodyBuilder3,5CEX,0.9337,12,12,12,0.3454,31,False
ABodyBuilder3,5CGY,0.7844,12,12,12,0.387,48,False
ABodyBuilder3,5DK3,0.1959,9,9,9,0.3153,50,False
ABodyBuilder3,5DR5,0.2331,9,9,9,0.3622,46,False
ABodyBuilder3,5F7E,0.2905,5,5,5,0.3446,44,False
ABodyBuilder3,5GGQ,0.2726,9,9,9,0.3004,49,False
ABodyBuilder3,5JQD,0.2726,9,9,9,0.3488,46,False
ABodyBuilder3,5KG9,0.8985,13,13,13,0.3781,56,False
ABodyBuilder3,5WT9,0.1692,9,9,9,0.2872,51,False
ABodyBuilder3,6MTS,0.6121,9,9,9,0.3876,49,False
ABodyBuilder3,6QN8,0.6603,11,11,11,0.2131,37,False
ABodyBuilder3,7K8Q,0.4601,10,10,10,0.2926,45,False
ABodyBuilder3,8FAB,0.8925,9,9,9,0.2513,41,False
AbFold,1AD0,1.5071,9,9,9,0.353,30,False
AbFold,1AD9,1.8406,9,9,9,0.5432,36,False
AbFold,1B2W,1.8839,9,9,9,0.4491,29,False
AbFold,1DFB,3.6637,7,7,7,0.431,31,False
AbFold,1DN0,2.5209,9,9,9,0.3522,34,False
AbFold,1FGV,0.326,9,9,9,0.2962,44,False
AbFold,1FVC,0.2284,9,9,9,0.3085,51,False
AbFold,1FVD,1.2469,9,9,9,0.3391,36,False
AbFold,1HEZ,0.9928,9,9,9,0.3803,39,False
AbFold,1IT9,0.2839,9,9,9,0.344,34,False
AbFold,1JPT,0.7382,9,9,9,0.4169,36,False
AbFold,1MCO,1.4054,10,10,10,0.5687,31,False
AbFold,1R24,0.672,9,9,9,0.3742,20,False
AbFold,1RHH,2.1092,9,9,9,0.3421,38,False
AbFold,1RZ7,3.4182,8,8,8,0.2862,29,False
AbFold,1S3K,4.1883,9,9,9,0.3908,37,False
AbFold,1T04,2.0008,9,9,9,0.3867,32,False
AbFold,1T3F,1.9006,9,9,9,0.4024,35,False
AbFold,1U6A,3.1625,9,9,9,0.3919,36,False
AbFold,2AGJ,2.0915,9,9,9,0.3884,40,False
AbFold,2D7T,0.3065,9,9,9,0.3453,40,False
AbFold,2EH7,3.9288,9,9,9,0.4101,38,False
AbFold,2FB4,1.1058,11,11,11,0.3887,31,False
AbFold,2FGW,0.7309,9,9,9,0.4557,29,False
AbFold,2G75,0.795,10,10,10,0.4195,35,False
AbFold,2GCY,0.8564,9,9,9,0.3064,29,False
AbFold,2HFF,1.4179,9,9,9,0.3683,39,False
AbFold,2IG2,1.0717,11,11,11,0.4328,32,False
AbFold,2XA8,2.3623,9,9,9,0.3943,41,False
AbFold,2XZC,3.7697,10,10,10,0.3654,29,False
AbFold,3EO9,0.9682,9,9,9,0.3724,38,False
AbFold,3EOT,0.5541,9,9,9,0.3677,25,False
AbFold,3FZU,1.5179,9,9,9,0.4085,38,False
AbFold,3G6A,0.8118,10,10,10,0.359,32,False
AbFold,3HC3,4.5487,9,9,9,0.6612,16,False
AbFold,3IDG,1.9698,9,9,9,0.4115,36,False
AbFold,4F57,0.5437,10,10,10,0.3061,35,False
AbFold,4FQC,1.1583,12,12,12,1.7335,31,False
AbFold,4FZ8,3.1081,8,8,8,0.5342,35,False
AbFold,4G5Z,1.7832,9,9,9,0.4852,32,False
AbFold,4OSU,0.8352,10,10,10,0.3269,26,False
AbFold,4R7N,3.0265,9,9,9,0.4326,35,False
AbFold,4UOK,0.5077,9,9,9,0.4142,31,False
AbFold,5AWN,0.8516,10,10,10,0.3115,29,False
AbFold,5BZD,3.4375,8,8,8,0.312,33,False
AbFold,5CEX,1.0979,12,12,12,1.748,29,False
AbFold,5CGY,1.1256,12,12,12,0.3797,33,False
AbFold,5DK3,3.4075,9,9,9,0.3202,37,False
AbFold,5DR5,1.3916,9,9,9,0.3951,33,False
AbFold,5F7E,2.4351,5,5,5,0.3505,40,False
AbFold,5GGQ,0.8011,9,9,9,0.4582,39,False
AbFold,5JQD,3.0925,9,9,9,0.4726,32,False
AbFold,5KG9,1.2948,13,13,13,0.4335,41,False
AbFold,5WT9,0.5827,9,9,9,0.3527,32,False
AbFold,6MTS,0.713,9,9,9,0.4028,34,False
AbFold,6QN8,1.4925,11,11,11,0.3311,32,False
AbFold,7K8Q,0.6887,10,10,10,0.3248,32,False
AbFold,8FAB,1.3533,9,9,9,0.3352,29,False
AlphaFold 2,1AD0,0.6037,9,9,9,0.2526,43,False
AlphaFold 2,1AD9,0.2107,9,9,9,0.3816,48,False
AlphaFold 2,1B2W,0.3228,9,9,9,0.293,41,False
AlphaFold 2,1DFB,0.2642,7,7,7,0.2991,46,False
AlphaFold 2,1DN0,0.1571,9,9,9,0.2751,50,False
AlphaFold 2,1FGV,0.2154,9,9,9,0.2945,43,False
AlphaFold 2,1FVC,0.187,9,9,9,0.3255,53,False
AlphaFold 2,1FVD,0.1981,9,9,9,0.2642,50,False
AlphaFold 2,1HEZ,0.1975,9,9,9,0.3246,48,False
AlphaFold 2,1IT9,0.2565,9,9,9,0.3419,50,False
AlphaFold 2,1JPT,0.2556,9,9,9,0.1947,46,False
AlphaFold 2,1MCO,0.7293,10,10,10,0.6515,46,False
AlphaFold 2,1R24,0.487,9,9,9,0.4441,31,False
AlphaFold 2,1RHH,0.1863,9,9,9,0.1429,48,False
AlphaFold 2,1RZ7,0.4259,8,8,8,0.2334,44,False
AlphaFold 2,1S3K,0.1937,9,9,9,0.2028,45,False
AlphaFold 2,1T04,0.2164,9,9,9,0.2122,45,False
AlphaFold 2,1T3F,0.1392,9,9,9,0.1661,46,False
AlphaFold 2,1U6A,0.3432,9,9,9,0.2148,48,False
AlphaFold 2,2AGJ,0.5602,9,9,9,0.3112,49,False
AlphaFold 2,2D7T,0.3046,9,9,9,0.2772,50,False
AlphaFold 2,2EH7,0.2362,9,9,9,0.3379,47,False
AlphaFold 2,2FB4,0.4525,11,11,11,0.2996,44,False
AlphaFold 2,2FGW,0.2197,9,9,9,0.2497,42,False
AlphaFold 2,2G75,1.7536,10,10,10,0.2498,48,False
AlphaFold 2,2GCY,0.5922,9,9,9,0.2189,43,False
AlphaFold 2,2HFF,0.3208,9,9,9,0.1819,46,False
AlphaFold 2,2IG2,0.3785,11,11,11,0.5027,40,False
AlphaFold 2,2XA8,0.3695,9,9,9,0.1754,46,False
AlphaFold 2,2XZC,0.212,10,10,10,0.1976,38,False
AlphaFold 2,3EO9,0.3236,9,9,9,0.2997,49,False
AlphaFold 2,3EOT,0.1962,9,9,9,0.2185,41,False
AlphaFold 2,3FZU,0.3216,9,9,9,0.287,49,False
AlphaFold 2,3G6A,0.3137,10,10,10,0.1847,47,False
AlphaFold 2,3HC3,0.1599,9,9,9,0.16,41,False
AlphaFold 2,3IDG,0.1938,9,9,9,0.2605,50,False
AlphaFold 2,4F57,0.524,10,10,10,0.2142,45,False
AlphaFold 2,4FQC,2.7498,12,12,12,1.7243,34,False
AlphaFold 2,4FZ8,0.6068,8,8,8,0.2841,43,False
AlphaFold 2,4G5Z,0.2362,9,9,9,0.2807,45,False
AlphaFold 2,4OSU,1.9697,10,10,10,0.2472,35,False
AlphaFold 2,4R7N,0.2233,9,9,9,0.2987,41,False
AlphaFold 2,4UOK,0.2025,9,9,9,0.2365,45,False
AlphaFold 2,5AWN,1.5292,10,10,10,0.1996,39,False
AlphaFold 2,5BZD,1.0116,8,8,8,0.2684,46,False
AlphaFold 2,5CEX,2.3991,12,12,12,0.2268,32,False
AlphaFold 2,5CGY,0.9058,12,12,12,0.3071,49,False
AlphaFold 2,5DK3,0.1681,9,9,9,0.1617,46,False
AlphaFold 2,5DR5,0.2234,9,9,9,0.2415,45,False
AlphaFold 2,5F7E,0.1206,5,5,5,0.1824,41,False
AlphaFold 2,5GGQ,0.2619,9,9,9,0.1515,44,False
AlphaFold 2,5JQD,0.3888,9,9,9,0.2532,43,False
AlphaFold 2,5KG9,0.6911,13,13,13,0.3131,58,False
AlphaFold 2,5WT9,0.2654,9,9,9,0.1836,46,False
AlphaFold 2,6MTS,0.2835,9,9,9,0.2974,51,False
AlphaFold 2,6QN8,0.8662,11,11,11,0.2611,42,False
AlphaFold 2,7K8Q,0.531,10,10,10,0.1702,39,False
AlphaFold 2,8FAB,0.9577,9,9,9,0.2061,44,False
Boltz-2,1AD0,0.3173,9,9,9,0.2898,42,False
Boltz-2,1AD9,0.1645,9,9,9,0.3894,48,False
Boltz-2,1B2W,0.3863,9,9,9,0.3295,44,False
Boltz-2,1DFB,0.2856,7,7,7,0.2584,44,False
Boltz-2,1DN0,0.1257,9,9,9,0.2127,50,False
Boltz-2,1FGV,0.1987,9,9,9,0.2708,44,False
Boltz-2,1FVC,0.1452,9,9,9,0.2397,51,False
Boltz-2,1FVD,0.1958,9,9,9,0.2289,50,False
Boltz-2,1HEZ,0.1379,9,9,9,0.2034,46,False
Boltz-2,1IT9,0.2358,9,9,9,0.2789,50,False
Boltz-2,1JPT,0.156,9,9,9,0.1983,48,False
Boltz-2,1MCO,0.6501,10,10,10,0.6652,44,False
Boltz-2,1R24,0.4377,9,9,9,0.4061,30,False
Boltz-2,1RHH,0.1261,9,9,9,0.1559,47,False
Boltz-2,1RZ7,0.726,8,8,8,0.2082,43,False
Boltz-2,1S3K,0.1399,9,9,9,0.1319,40,False
Boltz-2,1T04,0.2357,9,9,9,0.2639,47,False
Boltz-2,1T3F,0.1433,9,9,9,0.1627,48,False
Boltz-2,1U6A,0.332,9,9,9,0.2168,50,False
Boltz-2,2AGJ,0.5314,9,9,9,0.2778,52,False
Boltz-2,2D7T,0.2248,9,9,9,0.2621,46,False
Boltz-2,2EH7,0.2356,9,9,9,0.2556,46,False
Boltz-2,2FB4,0.2428,11,11,11,0.2718,47,False
Boltz-2,2FGW,0.275,9,9,9,0.2519,41,False
Boltz-2,2G75,0.2782,10,10,10,0.216,46,False
Boltz-2,2GCY,0.6751,9,9,9,0.1997,42,False
Boltz-2,2HFF,0.2037,9,9,9,0.1647,44,False
Boltz-2,2IG2,0.2654,11,11,11,0.3385,38,False
Boltz-2,2XA8,0.3285,9,9,9,0.1674,47,False
Boltz-2,2XZC,0.1922,10,10,10,0.1487,36,False
Boltz-2,3EO9,0.1185,9,9,9,0.2563,48,False
Boltz-2,3EOT,0.1622,9,9,9,0.2024,37,False
Boltz-2,3FZU,0.3503,9,9,9,0.2429,49,False
Boltz-2,3G6A,0.3837,10,10,10,0.1336,44,False
Boltz-2,3HC3,0.1538,9,9,9,0.1205,38,False
Boltz-2,3IDG,0.0536,9,9,9,0.1147,50,False
Boltz-2,4F57,0.5175,10,10,10,0.1441,39,False
Boltz-2,4FQC,0.1741,12,12,12,0.2627,40,False
Boltz-2,4FZ8,0.2784,8,8,8,0.3044,45,False
Boltz-2,4G5Z,0.1848,9,9,9,0.218,47,False
Boltz-2,4OSU,0.4406,10,10,10,0.148,35,False
Boltz-2,4R7N,0.2578,9,9,9,0.3621,47,False
Boltz-2,4UOK,0.1965,9,9,9,0.2567,44,False
Boltz-2,5AWN,1.3254,10,10,10,0.1929,39,False
Boltz-2,5BZD,0.1852,8,8,8,0.2516,46,False
Boltz-2,5CEX,1.8822,12,12,12,0.1882,34,False
Boltz-2,5CGY,0.9139,12,12,12,0.2384,46,False
Boltz-2,5DK3,0.2068,9,9,9,0.1541,43,False
Boltz-2,5DR5,0.2187,9,9,9,0.2147,43,False
Boltz-2,5F7E,0.095,5,5,5,0.1677,38,False
Boltz-2,5GGQ,0.258,9,9,9,0.1599,46,False
Boltz-2,5JQD,0.1655,9,9,9,0.2452,45,False
Boltz-2,5KG9,0.7369,13,13,13,0.2429,56,False
Boltz-2,5WT9,0.1998,9,9,9,0.1138,48,False
Boltz-2,6MTS,0.3442,9,9,9,0.2392,50,False
Boltz-2,6QN8,1.6171,11,11,11,0.236,41,False
Boltz-2,7K8Q,0.3216,10,10,10,0.1798,42,False
Boltz-2,8FAB,0.9365,9,9,9,0.1707,41,False
Chai-1,1AD0,0.3263,9,9,9,0.222,41,False
Chai-1,1AD9,0.133,9,9,9,0.3272,47,False
Chai-1,1B2W,0.4249,9,9,9,0.3451,44,False
Chai-1,1DFB,0.2118,7,7,7,0.2773,45,False
Chai-1,1DN0,0.2092,9,9,9,0.2444,51,False
Chai-1,1FGV,0.2182,9,9,9,0.2635,43,False
Chai-1,1FVC,0.1484,9,9,9,0.2166,51,False
Chai-1,1FVD,0.1595,9,9,9,0.2383,51,False
Chai-1,1HEZ,0.1376,9,9,9,0.2959,48,False
Chai-1,1IT9,0.2315,9,9,9,0.2613,45,False
Chai-1,1JPT,0.27,9,9,9,0.2009,42,False
Chai-1,1MCO,0.6507,10,10,10,0.6684,47,False
Chai-1,1R24,0.5499,9,9,9,0.4221,28,False
Chai-1,1RHH,0.1948,9,9,9,0.1897,48,False
Chai-1,1RZ7,0.4803,8,8,8,0.3612,44,False
Chai-1,1S3K,0.2161,9,9,9,0.1815,41,False
Chai-1,1T04,0.2742,9,9,9,0.2917,49,False
Chai-1,1T3F,0.2382,9,9,9,0.2006,47,False
Chai-1,1U6A,0.3615,9,9,9,0.2058,50,False
Chai-1,2AGJ,0.5844,9,9,9,0.3631,52,False
Chai-1,2D7T,0.2151,9,9,9,0.2004,48,False
Chai-1,2EH7,0.1783,9,9,9,0.2475,40,False
Chai-1,2FB4,0.2425,11,11,11,0.2528,46,False
Chai-1,2FGW,0.2042,9,9,9,0.2841,42,False
Chai-1,2G75,0.2782,10,10,10,0.2437,50,False
Chai-1,2GCY,0.6408,9,9,9,0.2309,43,False
Chai-1,2HFF,0.3652,9,9,9,0.1859,45,False
Chai-1,2IG2,0.2395,11,11,11,0.4518,42,False
Chai-1,2XA8,0.4074,9,9,9,0.1989,45,False
Chai-1,2XZC,0.1789,10,10,10,0.268,39,False
Chai-1,3EO9,0.1882,9,9,9,0.1819,41,False
Chai-1,3EOT,0.2299,9,9,9,0.2347,37,False
Chai-1,3FZU,0.3255,9,9,9,0.2425,50,False
Chai-1,3G6A,1.1982,10,10,10,0.1781,41,False
Chai-1,3HC3,0.1648,9,9,9,0.145,39,False
Chai-1,3IDG,0.0976,9,9,9,0.1082,44,False
Chai-1,4F57,0.32,10,10,10,0.2316,45,False
Chai-1,4FQC,0.9194,12,12,12,0.2575,33,False
Chai-1,4FZ8,0.6349,8,8,8,0.339,46,False
Chai-1,4G5Z,0.2061,9,9,9,0.2431,43,False
Chai-1,4OSU,2.1435,10,10,10,0.27,39,False
Chai-1,4R7N,0.2731,9,9,9,0.4123,46,False
Chai-1,4UOK,0.1779,9,9,9,0.2757,48,False
Chai-1,5AWN,0.5028,10,10,10,0.2407,43,False
Chai-1,5BZD,0.2855,8,8,8,0.2612,45,False
Chai-1,5CEX,2.2611,12,12,12,0.2452,32,False
Chai-1,5CGY,1.2083,12,12,12,0.3135,50,False
Chai-1,5DK3,0.2205,9,9,9,0.2246,43,False
Chai-1,5DR5,0.2265,9,9,9,0.2774,46,False
Chai-1,5F7E,0.1284,5,5,5,0.1908,41,False
Chai-1,5GGQ,0.2496,9,9,9,0.1869,40,False
Chai-1,5JQD,0.1788,9,9,9,0.2431,40,False
Chai-1,5KG9,0.9954,13,13,13,0.2802,55,False
Chai-1,5WT9,0.1706,9,9,9,0.1753,41,False
Chai-1,6MTS,0.2772,9,9,9,0.2364,50,False
Chai-1,6QN8,0.3073,11,11,11,0.2287,42,False
Chai-1,7K8Q,0.4053,10,10,10,0.1568,42,False
Chai-1,8FAB,0.7863,9,9,9,0.2283,44,False
ESMFold2,1AD0,0.3403,9,9,9,0.1822,39,False
ESMFold2,1AD9,0.1871,9,9,9,0.3368,46,False
ESMFold2,1B2W,0.3081,9,9,9,0.2975,41,False
ESMFold2,1DFB,0.1778,7,7,7,0.2652,44,False
ESMFold2,1DN0,0.1491,9,9,9,0.2166,50,False
ESMFold2,1FGV,0.1281,9,9,9,0.2478,44,False
ESMFold2,1FVC,0.1898,9,9,9,0.2192,52,False
ESMFold2,1FVD,0.1353,9,9,9,0.1939,50,False
ESMFold2,1HEZ,0.175,9,9,9,0.2882,48,False
ESMFold2,1IT9,0.2397,9,9,9,0.2655,49,False
ESMFold2,1JPT,0.206,9,9,9,0.1636,46,False
ESMFold2,1MCO,0.7029,10,10,10,0.6549,40,False
ESMFold2,1R24,0.4462,9,9,9,0.4259,31,False
ESMFold2,1RHH,0.0965,9,9,9,0.1271,47,False
ESMFold2,1RZ7,0.4123,8,8,8,0.2792,48,False
ESMFold2,1S3K,0.115,9,9,9,0.127,41,False
ESMFold2,1T04,0.2111,9,9,9,0.2521,49,False
ESMFold2,1T3F,0.1146,9,9,9,0.1757,50,False
ESMFold2,1U6A,0.3245,9,9,9,0.2157,48,False
ESMFold2,2AGJ,0.5916,9,9,9,0.2446,50,False
ESMFold2,2D7T,0.1807,9,9,9,0.1576,49,False
ESMFold2,2EH7,0.2438,9,9,9,0.2914,46,False
ESMFold2,2FB4,0.1667,11,11,11,0.2329,47,False
ESMFold2,2FGW,0.1601,9,9,9,0.3115,45,False
ESMFold2,2G75,0.2867,10,10,10,0.2611,50,False
ESMFold2,2GCY,0.6261,9,9,9,0.1822,40,False
ESMFold2,2HFF,0.268,9,9,9,0.1481,43,False
ESMFold2,2IG2,0.2437,11,11,11,0.3642,40,False
ESMFold2,2XA8,0.2817,9,9,9,0.1466,46,False
ESMFold2,2XZC,0.3475,10,10,10,0.1431,34,False
ESMFold2,3EO9,0.1067,9,9,9,0.2158,49,False
ESMFold2,3EOT,0.1458,9,9,9,0.2167,41,False
ESMFold2,3FZU,0.2526,9,9,9,0.2541,49,False
ESMFold2,3G6A,2.0011,10,10,10,0.109,38,False
ESMFold2,3HC3,0.1462,9,9,9,0.1138,41,False
ESMFold2,3IDG,0.1197,9,9,9,0.1363,46,False
ESMFold2,4F57,0.319,10,10,10,0.1513,42,False
ESMFold2,4FQC,0.4286,12,12,12,0.2299,36,False
ESMFold2,4FZ8,0.2754,8,8,8,0.2909,45,False
ESMFold2,4G5Z,0.1589,9,9,9,0.2311,45,False
ESMFold2,4OSU,1.4909,10,10,10,0.2244,37,False
ESMFold2,4R7N,0.2045,9,9,9,0.3441,45,False
ESMFold2,4UOK,0.1742,9,9,9,0.2333,46,False
ESMFold2,5AWN,0.4748,10,10,10,0.2079,43,False
ESMFold2,5BZD,0.9479,8,8,8,0.2645,47,False
ESMFold2,5CEX,2.2208,12,12,12,0.1822,29,False
ESMFold2,5CGY,0.9778,12,12,12,0.2593,49,False
ESMFold2,5DK3,0.1279,9,9,9,0.114,41,False
ESMFold2,5DR5,0.1856,9,9,9,0.2292,44,False
ESMFold2,5F7E,0.128,5,5,5,0.1593,41,False
ESMFold2,5GGQ,0.2833,9,9,9,0.1501,50,False
ESMFold2,5JQD,0.2508,9,9,9,0.2479,45,False
ESMFold2,5KG9,0.7608,13,13,13,0.2486,54,False
ESMFold2,5WT9,0.2113,9,9,9,0.1319,46,False
ESMFold2,6MTS,0.1669,9,9,9,0.2118,49,False
ESMFold2,6QN8,0.2512,11,11,11,0.2172,43,False
ESMFold2,7K8Q,0.3838,10,10,10,0.1107,40,False
ESMFold2,8FAB,0.6684,9,9,9,0.1771,44,False
Ibex,1AD0,0.3151,9,9,9,0.2502,43,False
Ibex,1AD9,0.1915,9,9,9,0.3524,48,False
Ibex,1B2W,0.3799,9,9,9,0.3474,44,False
Ibex,1DFB,1.1787,7,7,7,2.5018,102,True
Ibex,1DN0,0.239,9,9,9,0.2274,49,False
Ibex,1FGV,0.2275,9,9,9,0.2161,42,False
Ibex,1FVC,0.2439,9,9,9,0.2626,50,False
Ibex,1FVD,0.2057,9,9,9,0.322,52,False
Ibex,1HEZ,0.1906,9,9,9,0.339,49,False
Ibex,1IT9,0.2192,9,9,9,0.334,50,False
Ibex,1JPT,0.2144,9,9,9,0.1988,47,False
Ibex,1MCO,1.4328,10,10,10,2.3918,105,True
Ibex,1R24,0.5013,9,9,9,0.4719,31,False
Ibex,1RHH,0.211,9,9,9,0.2097,50,False
Ibex,1RZ7,0.5449,8,8,8,0.2603,49,False
Ibex,1S3K,1.6515,9,9,9,2.6804,110,True
Ibex,1T04,0.263,9,9,9,0.2757,48,False
Ibex,1T3F,0.1595,9,9,9,0.2103,48,False
Ibex,1U6A,0.5958,9,9,9,0.2442,45,False
Ibex,2AGJ,0.5152,9,9,9,0.2752,49,False
Ibex,2D7T,0.1921,9,9,9,0.2634,47,False
Ibex,2EH7,0.2604,9,9,9,0.2304,44,False
Ibex,2FB4,0.9722,11,11,11,0.4904,7,False
Ibex,2FGW,0.1663,9,9,9,0.3438,44,False
Ibex,2G75,1.0536,10,10,10,0.6135,4,False
Ibex,2GCY,0.5769,9,9,9,0.259,44,False
Ibex,2HFF,0.264,9,9,9,0.1872,46,False
Ibex,2IG2,1.0011,11,11,11,0.5225,7,False
Ibex,2XA8,0.2176,9,9,9,0.2068,48,False
Ibex,2XZC,0.3047,10,10,10,0.2607,39,False
Ibex,3EO9,0.2124,9,9,9,0.2791,49,False
Ibex,3EOT,0.2334,9,9,9,0.2463,39,False
Ibex,3FZU,0.2908,9,9,9,0.2726,49,False
Ibex,3G6A,1.5635,10,10,10,0.5019,7,False
Ibex,3HC3,1.0427,9,9,9,0.6381,4,False
Ibex,3IDG,0.9589,9,9,9,2.0148,105,True
Ibex,4F57,1.9457,10,10,10,0.4742,7,False
Ibex,4FQC,2.2661,12,12,12,0.7973,4,False
Ibex,4FZ8,0.3506,8,8,8,0.3374,46,False
Ibex,4G5Z,1.0388,9,9,9,0.0237,3,False
Ibex,4OSU,1.9238,10,10,10,0.8603,11,False
Ibex,4R7N,0.2905,9,9,9,0.3309,46,False
Ibex,4UOK,1.2047,9,9,9,0.0,1,False
Ibex,5AWN,1.9698,10,10,10,2.7832,107,True
Ibex,5BZD,0.2589,8,8,8,0.2475,45,False
Ibex,5CEX,1.5863,12,12,12,0.1469,3,False
Ibex,5CGY,1.5769,12,12,12,0.5956,7,False
Ibex,5DK3,0.1883,9,9,9,0.181,44,False
Ibex,5DR5,0.1778,9,9,9,0.3006,47,False
Ibex,5F7E,0.5937,5,5,5,2.7452,100,True
Ibex,5GGQ,0.2087,9,9,9,0.1599,45,False
Ibex,5JQD,0.2153,9,9,9,0.2522,45,False
Ibex,5KG9,2.4152,13,13,13,0.81,14,False
Ibex,5WT9,0.2617,9,9,9,0.2224,50,False
Ibex,6MTS,1.7263,9,9,9,2.6524,106,True
Ibex,6QN8,2.7216,11,11,11,0.5995,7,False
Ibex,7K8Q,0.8915,10,10,10,0.4226,7,False
Ibex,8FAB,1.5492,9,9,9,0.3969,8,False
IgFold,1AD0,0.4263,9,9,9,0.3089,43,False
IgFold,1AD9,0.2498,9,9,9,0.3951,43,False
IgFold,1B2W,0.4588,9,9,9,0.3208,40,False
IgFold,1DFB,0.3984,7,7,7,0.2958,41,False
IgFold,1DN0,0.2881,9,9,9,0.2689,50,False
IgFold,1FGV,0.2311,9,9,9,0.2716,40,False
IgFold,1FVC,0.2638,9,9,9,0.3098,51,False
IgFold,1FVD,0.2379,9,9,9,0.2697,46,False
IgFold,1HEZ,0.2717,9,9,9,0.315,46,False
IgFold,1IT9,0.308,9,9,9,0.3453,45,False
IgFold,1JPT,0.255,9,9,9,0.2217,47,False
IgFold,1MCO,0.9252,10,10,10,0.7502,47,False
IgFold,1R24,0.5645,9,9,9,0.4592,31,False
IgFold,1RHH,0.3106,9,9,9,0.1912,48,False
IgFold,1RZ7,0.3979,8,8,8,0.2931,43,False
IgFold,1S3K,0.2831,9,9,9,0.2469,43,False
IgFold,1T04,0.387,9,9,9,0.2171,38,False
IgFold,1T3F,0.2566,9,9,9,0.2056,40,False
IgFold,1U6A,0.8999,9,9,9,0.2265,47,False
IgFold,2AGJ,0.5738,9,9,9,0.2751,40,False
IgFold,2D7T,0.3188,9,9,9,0.2851,45,False
IgFold,2EH7,0.3259,9,9,9,0.2757,41,False
IgFold,2FB4,0.4658,11,11,11,0.3122,47,False
IgFold,2FGW,0.3223,9,9,9,0.3002,41,False
IgFold,2G75,1.4042,10,10,10,0.2575,47,False
IgFold,2GCY,0.476,9,9,9,0.1937,44,False
IgFold,2HFF,0.281,9,9,9,0.1777,44,False
IgFold,2IG2,0.4424,11,11,11,0.4382,40,False
IgFold,2XA8,0.3662,9,9,9,0.1908,41,False
IgFold,2XZC,1.0022,10,10,10,0.2362,34,False
IgFold,3EO9,0.2828,9,9,9,0.2791,46,False
IgFold,3EOT,0.4234,9,9,9,0.3142,40,False
IgFold,3FZU,0.4222,9,9,9,0.2458,48,False
IgFold,3G6A,1.5272,10,10,10,0.2491,45,False
IgFold,3HC3,0.3121,9,9,9,0.1947,36,False
IgFold,3IDG,0.3041,9,9,9,0.27,44,False
IgFold,4F57,0.5586,10,10,10,0.3023,46,False
IgFold,4FQC,1.1049,12,12,12,0.3452,32,False
IgFold,4FZ8,0.63,8,8,8,0.3747,45,False
IgFold,4G5Z,0.2974,9,9,9,0.3274,46,False
IgFold,4OSU,1.4451,10,10,10,0.3884,39,False
IgFold,4R7N,0.3697,9,9,9,0.351,45,False
IgFold,4UOK,0.2647,9,9,9,0.21,46,False
IgFold,5AWN,0.5115,10,10,10,0.3275,44,False
IgFold,5BZD,0.2652,8,8,8,0.2673,45,False
IgFold,5CEX,2.0319,12,12,12,0.2498,29,False
IgFold,5CGY,0.9139,12,12,12,0.3089,49,False
IgFold,5DK3,0.2994,9,9,9,0.2165,44,False
IgFold,5DR5,0.2833,9,9,9,0.1776,40,False
IgFold,5F7E,0.2369,5,5,5,0.2601,42,False
IgFold,5GGQ,0.291,9,9,9,0.1914,46,False
IgFold,5JQD,0.2916,9,9,9,0.3001,44,False
IgFold,5KG9,0.8665,13,13,13,0.3869,57,False
IgFold,5WT9,0.2792,9,9,9,0.2582,46,False
IgFold,6MTS,0.602,9,9,9,0.3337,49,False
IgFold,6QN8,0.8554,11,11,11,0.2877,42,False
IgFold,7K8Q,0.5865,10,10,10,0.1714,42,False
IgFold,8FAB,0.9631,9,9,9,0.2443,45,False
IntelliFold,1AD0,0.2766,9,9,9,0.1689,37,False
IntelliFold,1AD9,0.1449,9,9,9,0.3435,47,False
IntelliFold,1B2W,0.2821,9,9,9,0.325,44,False
IntelliFold,1DFB,0.2164,7,7,7,0.2641,45,False
IntelliFold,1DN0,0.1645,9,9,9,0.2201,49,False
IntelliFold,1FGV,0.2004,9,9,9,0.2514,43,False
IntelliFold,1FVC,0.1971,9,9,9,0.2298,51,False
IntelliFold,1FVD,0.1366,9,9,9,0.2634,50,False
IntelliFold,1HEZ,0.1257,9,9,9,0.2354,48,False
IntelliFold,1IT9,0.1623,9,9,9,0.2744,49,False
IntelliFold,1JPT,0.2838,9,9,9,0.2002,45,False
IntelliFold,1MCO,0.9154,10,10,10,0.6197,46,False
IntelliFold,1R24,0.4782,9,9,9,0.4517,30,False
IntelliFold,1RHH,0.0671,9,9,9,0.1144,46,False
IntelliFold,1RZ7,0.5653,8,8,8,0.3047,46,False
IntelliFold,1S3K,0.1434,9,9,9,0.1587,43,False
IntelliFold,1T04,0.214,9,9,9,0.2563,49,False
IntelliFold,1T3F,0.133,9,9,9,0.1897,50,False
IntelliFold,1U6A,0.2505,9,9,9,0.2165,52,False
IntelliFold,2AGJ,0.5745,9,9,9,0.2364,49,False
IntelliFold,2D7T,0.2175,9,9,9,0.1772,49,False
IntelliFold,2EH7,0.2487,9,9,9,0.2631,44,False
IntelliFold,2FB4,0.2177,11,11,11,0.2045,46,False
IntelliFold,2FGW,0.2189,9,9,9,0.3213,44,False
IntelliFold,2G75,1.6922,10,10,10,0.2099,46,False
IntelliFold,2GCY,0.5917,9,9,9,0.1874,41,False
IntelliFold,2HFF,0.239,9,9,9,0.1491,43,False
IntelliFold,2IG2,0.2621,11,11,11,0.3823,39,False
IntelliFold,2XA8,0.3407,9,9,9,0.1744,45,False
IntelliFold,2XZC,0.1569,10,10,10,0.2159,39,False
IntelliFold,3EO9,0.1206,9,9,9,0.1915,48,False
IntelliFold,3EOT,0.1404,9,9,9,0.2395,38,False
IntelliFold,3FZU,0.3062,9,9,9,0.2345,49,False
IntelliFold,3G6A,0.3878,10,10,10,0.1275,44,False
IntelliFold,3HC3,0.1626,9,9,9,0.1283,39,False
IntelliFold,3IDG,0.1182,9,9,9,0.1759,49,False
IntelliFold,4F57,0.1151,10,10,10,0.1516,45,False
IntelliFold,4FQC,0.2626,12,12,12,0.2566,41,False
IntelliFold,4FZ8,0.3003,8,8,8,0.3111,46,False
IntelliFold,4G5Z,0.168,9,9,9,0.2371,45,False
IntelliFold,4OSU,1.7606,10,10,10,0.2235,37,False
IntelliFold,4R7N,0.1986,9,9,9,0.3503,46,False
IntelliFold,4UOK,0.2069,9,9,9,0.2719,47,False
IntelliFold,5AWN,0.4029,10,10,10,0.2032,45,False
IntelliFold,5BZD,0.176,8,8,8,0.2367,47,False
IntelliFold,5CEX,1.3863,12,12,12,0.2164,34,False
IntelliFold,5CGY,0.9006,12,12,12,0.2659,49,False
IntelliFold,5DK3,0.241,9,9,9,0.1608,46,False
IntelliFold,5DR5,0.1828,9,9,9,0.2246,44,False
IntelliFold,5F7E,0.1169,5,5,5,0.1693,40,False
IntelliFold,5GGQ,0.2445,9,9,9,0.126,42,False
IntelliFold,5JQD,0.3038,9,9,9,0.2491,44,False
IntelliFold,5KG9,0.7411,13,13,13,0.242,55,False
IntelliFold,5WT9,0.1692,9,9,9,0.1265,44,False
IntelliFold,6MTS,0.2196,9,9,9,0.1934,48,False
IntelliFold,6QN8,1.1418,11,11,11,0.2135,40,False
IntelliFold,7K8Q,0.4349,10,10,10,0.134,41,False
IntelliFold,8FAB,1.0574,9,9,9,0.1901,43,False
OpenFold3,1AD0,0.2545,9,9,9,0.2162,40,False
OpenFold3,1AD9,0.1337,9,9,9,0.3506,47,False
OpenFold3,1B2W,0.3083,9,9,9,0.3422,44,False
OpenFold3,1DFB,0.2365,7,7,7,0.2527,43,False
OpenFold3,1DN0,0.1589,9,9,9,0.2676,49,False
OpenFold3,1FGV,0.1987,9,9,9,0.2793,45,False
OpenFold3,1FVC,0.2065,9,9,9,0.2577,52,False
OpenFold3,1FVD,0.1471,9,9,9,0.2396,49,False
OpenFold3,1HEZ,0.2878,9,9,9,0.3133,49,False
OpenFold3,1IT9,0.2538,9,9,9,0.2654,46,False
OpenFold3,1JPT,0.2483,9,9,9,0.1765,45,False
OpenFold3,1MCO,0.7818,10,10,10,0.63,38,False
OpenFold3,1R24,0.4534,9,9,9,0.4355,28,False
OpenFold3,1RHH,0.1494,9,9,9,0.1463,48,False
OpenFold3,1RZ7,0.4735,8,8,8,0.2426,40,False
OpenFold3,1S3K,0.1144,9,9,9,0.1229,44,False
OpenFold3,1T04,0.234,9,9,9,0.2315,48,False
OpenFold3,1T3F,0.1385,9,9,9,0.1945,51,False
OpenFold3,1U6A,0.4002,9,9,9,0.1841,46,False
OpenFold3,2AGJ,0.6091,9,9,9,0.2599,49,False
OpenFold3,2D7T,0.272,9,9,9,0.2168,44,False
OpenFold3,2EH7,0.2535,9,9,9,0.281,46,False
OpenFold3,2FB4,0.208,11,11,11,0.2364,48,False
OpenFold3,2FGW,0.2724,9,9,9,0.2677,44,False
OpenFold3,2G75,1.5979,10,10,10,0.2217,45,False
OpenFold3,2GCY,0.6582,9,9,9,0.2327,43,False
OpenFold3,2HFF,0.4509,9,9,9,0.1665,45,False
OpenFold3,2IG2,0.2454,11,11,11,0.4023,42,False
OpenFold3,2XA8,0.3604,9,9,9,0.1923,47,False
OpenFold3,2XZC,0.234,10,10,10,0.182,38,False
OpenFold3,3EO9,0.0978,9,9,9,0.2064,44,False
OpenFold3,3EOT,0.1858,9,9,9,0.2365,41,False
OpenFold3,3FZU,0.2506,9,9,9,0.2792,48,False
OpenFold3,3G6A,0.4878,10,10,10,0.1565,43,False
OpenFold3,3HC3,0.1314,9,9,9,0.1363,44,False
OpenFold3,3IDG,0.0814,9,9,9,0.1218,46,False
OpenFold3,4F57,0.297,10,10,10,0.214,44,False
OpenFold3,4FQC,2.1484,12,12,12,0.3234,35,False
OpenFold3,4FZ8,0.5966,8,8,8,0.3277,44,False
OpenFold3,4G5Z,0.1635,9,9,9,0.2934,47,False
OpenFold3,4OSU,1.8113,10,10,10,0.2978,40,False
OpenFold3,4R7N,0.1817,9,9,9,0.2876,40,False
OpenFold3,4UOK,0.2194,9,9,9,0.2543,46,False
OpenFold3,5AWN,0.3533,10,10,10,0.1468,39,False
OpenFold3,5BZD,0.3553,8,8,8,0.2586,46,False
OpenFold3,5CEX,2.277,12,12,12,0.1833,33,False
OpenFold3,5CGY,0.962,12,12,12,0.2688,47,False
OpenFold3,5DK3,0.1467,9,9,9,0.1449,46,False
OpenFold3,5DR5,0.184,9,9,9,0.1988,42,False
OpenFold3,5F7E,0.1395,5,5,5,0.1499,39,False
OpenFold3,5GGQ,0.2949,9,9,9,0.1471,45,False
OpenFold3,5JQD,0.2555,9,9,9,0.2356,40,False
OpenFold3,5KG9,0.7785,13,13,13,0.2438,58,False
OpenFold3,5WT9,0.2519,9,9,9,0.1509,43,False
OpenFold3,6MTS,0.191,9,9,9,0.2154,45,False
OpenFold3,6QN8,1.1111,11,11,11,0.2055,39,False
OpenFold3,7K8Q,0.4344,10,10,10,0.1384,41,False
OpenFold3,8FAB,0.7747,9,9,9,0.156,43,False
