Model,CDRL3_IMGT_median_A,CI_lo_A,CI_hi_A,n_targets,CDRL3_fixed_window_median_A,IMGT_over_fixed_ratio
IntelliFold,0.2293,0.2027,0.2766,58,0.291,0.79
Boltz-2,0.2393,0.2017,0.2856,58,0.3002,0.8
ESMFold2,0.2438,0.1884,0.2833,58,0.2764,0.88
OpenFold3,0.2542,0.2352,0.3083,58,0.3122,0.81
Chai-1,0.2598,0.2205,0.3164,58,0.3309,0.79
AlphaFold 2,0.3092,0.2459,0.3785,58,0.3458,0.89
ABodyBuilder3,0.3386,0.2929,0.39,58,0.393,0.86
Ibex,0.3652,0.2617,0.7763,58,0.4283,0.85
IgFold,0.3783,0.3093,0.4506,58,0.4334,0.87
AbFold,1.3724,1.0717,1.8337,58,4.2975,0.32
