M,conv_58,unf_58,conv_55,unf_55,conv_rank_58,conv_rank_55
ABodyBuilder3,0.7028000000000001,0.8566,0.7004,0.8637,9.0,9.0
AbFold,0.8685499999999999,1.33845,0.8761,1.3405,10.0,10.0
AlphaFold 2,0.4675,0.81745,0.4639,0.8275,5.0,5.0
Boltz-2,0.45755,0.75495,0.4601,0.76,4.0,4.0
Chai-1,0.49475,0.85705,0.4915,0.8673,6.0,6.0
ESMFold2,0.4262,0.76395,0.4314,0.7708,2.0,2.0
Ibex,0.6694,1.403,0.6882,1.5034,8.0,8.0
IgFold,0.55815,0.8654,0.5551,0.8674,7.0,7.0
IntelliFold,0.3911,0.7329,0.3873,0.7396,1.0,1.0
OpenFold3,0.44145,0.7777000000000001,0.4399,0.7921,3.0,3.0
