Model,PDB_ID,Masked_Fv_RMSD,Zero_Fv_RMSD,CDR_H3_RMSD,CDR_L3_RMSD
AB_Fold_3,1AD0,0.4524,1.9853,2.7835,
AB_Fold_3,1AD9,0.5298,1.8642,3.3003,
AB_Fold_3,1B2W,0.8613,2.221,9.2426,
AB_Fold_3,1DFB,0.4995,1.0711,2.0578,
AB_Fold_3,1DN0,0.544,1.2189,1.2818,
AB_Fold_3,1FGV,0.4111,1.0285,1.1149,
AB_Fold_3,1FVC,0.4325,0.9677,0.5696,
AB_Fold_3,1FVD,0.5267,0.9682,5.3262,
AB_Fold_3,1HEZ,0.5169,1.1841,1.2081,
AB_Fold_3,1IT9,0.4888,1.1326,6.643,
AB_Fold_3,1JPT,0.506,3.4192,5.5365,
AB_Fold_3,1MCO,1.5729,2.3768,9.2728,
AB_Fold_3,1R24,0.897,1.481,0.9138,
AB_Fold_3,1RHH,0.6115,1.3025,1.6902,
AB_Fold_3,1RZ7,0.5242,1.3634,5.7425,
AB_Fold_3,1S3K,0.5113,1.1239,5.6836,
AB_Fold_3,1T04,0.5927,1.0144,7.088,
AB_Fold_3,1T3F,0.4826,1.2352,7.1377,
AB_Fold_3,1U6A,0.5329,1.2877,1.6184,
AB_Fold_3,2AGJ,0.6093,1.3832,1.4377,
AB_Fold_3,2D7T,0.6244,1.5444,3.0001,
AB_Fold_3,2EH7,0.5127,0.97,9.7116,
AB_Fold_3,2FB4,0.468,1.127,2.6238,
AB_Fold_3,2FGW,0.6058,1.1966,1.162,
AB_Fold_3,2G75,0.5198,2.6154,4.089,
AB_Fold_3,2GCY,0.4637,1.2014,3.7187,
AB_Fold_3,2HFF,0.4199,0.7608,0.4913,
AB_Fold_3,2IG2,0.5956,1.095,2.6694,
AB_Fold_3,2XA8,0.5164,1.5298,3.188,
AB_Fold_3,2XZC,0.6072,1.7871,11.363,
AB_Fold_3,3EO9,0.5761,2.2936,2.5308,
AB_Fold_3,3EOT,0.448,1.266,5.3815,
AB_Fold_3,3FZU,0.6647,2.1893,5.4422,
AB_Fold_3,3G6A,0.5737,1.9522,2.4449,
AB_Fold_3,3HC3,1.4365,3.7348,,9.7379
AB_Fold_3,3IDG,0.4308,0.6879,0.5214,
AB_Fold_3,4F57,0.4858,1.1036,0.777,
AB_Fold_3,4FQC,0.7555,1.1981,0.714,
AB_Fold_3,4FZ8,0.6829,1.0157,2.5473,
AB_Fold_3,4G5Z,0.4776,1.059,5.6553,
AB_Fold_3,4OSU,0.4485,2.2881,2.8339,
AB_Fold_3,4R7N,0.5318,2.3118,5.0139,
AB_Fold_3,4UOK,0.9088,2.3243,,
AB_Fold_3,5AWN,0.5304,1.3615,1.693,
AB_Fold_3,5BZD,0.4921,1.2185,1.1624,
AB_Fold_3,5CEX,0.5748,1.2606,0.7865,
AB_Fold_3,5CGY,0.4283,1.1032,2.2083,
AB_Fold_3,5DK3,0.5076,0.9972,3.8194,
AB_Fold_3,5DR5,0.4535,0.8647,8.9503,
AB_Fold_3,5F7E,0.5161,1.3659,5.3643,
AB_Fold_3,5GGQ,0.4614,1.1204,12.6205,
AB_Fold_3,5JQD,0.6093,1.0989,0.8453,
AB_Fold_3,5KG9,0.5913,1.3491,9.2576,
AB_Fold_3,5WT9,0.4162,0.7346,9.1011,
AB_Fold_3,6MTS,0.567,1.1092,1.0789,
AB_Fold_3,6QN8,0.3968,0.793,1.2948,
AB_Fold_3,7K8Q,0.4206,0.8794,5.1396,
AB_Fold_3,8FAB,0.4632,1.7843,2.3608,
ABodyBuilder3,1AD0,0.3823,0.9804,0.5346,
ABodyBuilder3,1AD9,0.4663,1.1443,1.006,
ABodyBuilder3,1B2W,0.8224,2.6444,0.8506,
ABodyBuilder3,1DFB,0.4956,1.0992,2.0344,
ABodyBuilder3,1DN0,0.519,0.8862,0.6553,
ABodyBuilder3,1FGV,0.4118,1.0306,1.11,
ABodyBuilder3,1FVC,0.4319,0.9699,0.5699,
ABodyBuilder3,1FVD,0.4682,1.0525,0.964,
ABodyBuilder3,1HEZ,0.4512,0.9039,0.585,
ABodyBuilder3,1IT9,0.4839,1.094,0.6903,
ABodyBuilder3,1JPT,0.4371,1.0686,0.6047,
ABodyBuilder3,1MCO,1.6679,2.5465,2.4339,
ABodyBuilder3,1R24,0.7683,1.4012,0.8427,
ABodyBuilder3,1RHH,0.6282,1.3082,1.7061,
ABodyBuilder3,1RZ7,0.4589,0.9822,0.7797,
ABodyBuilder3,1S3K,0.4549,0.8918,0.471,
ABodyBuilder3,1T04,0.5569,1.1641,0.7782,
ABodyBuilder3,1T3F,0.426,0.961,0.4992,
ABodyBuilder3,1U6A,0.4568,1.3165,1.5845,
ABodyBuilder3,2AGJ,0.5016,1.159,1.1154,
ABodyBuilder3,2D7T,0.5455,1.5699,1.1209,
ABodyBuilder3,2EH7,0.5111,1.1475,0.9509,
ABodyBuilder3,2FB4,0.5042,1.1209,2.7207,
ABodyBuilder3,2FGW,0.6033,1.2142,1.0724,
ABodyBuilder3,2G75,0.4637,1.2259,0.4987,
ABodyBuilder3,2GCY,0.4297,0.9349,0.4207,
ABodyBuilder3,2HFF,0.3481,0.6933,0.4944,
ABodyBuilder3,2IG2,0.601,1.1,2.7725,
ABodyBuilder3,2XA8,0.4813,1.5001,1.3796,
ABodyBuilder3,2XZC,0.6318,1.7378,1.5116,
ABodyBuilder3,3EO9,0.5244,1.6715,1.5977,
ABodyBuilder3,3EOT,0.3816,1.2527,0.5812,
ABodyBuilder3,3FZU,0.6139,1.2284,0.6112,
ABodyBuilder3,3G6A,0.4705,1.0181,0.7202,
ABodyBuilder3,3HC3,2.0392,3.1897,,1.2519
ABodyBuilder3,3IDG,0.43,0.7159,0.5428,
ABodyBuilder3,4F57,0.4393,1.0529,0.8296,
ABodyBuilder3,4FQC,0.7448,1.2137,0.7023,
ABodyBuilder3,4FZ8,0.6855,1.0167,2.5727,
ABodyBuilder3,4G5Z,0.4138,0.9816,0.4321,
ABodyBuilder3,4OSU,0.4251,1.6474,2.7876,
ABodyBuilder3,4R7N,0.484,0.892,0.5615,
ABodyBuilder3,4UOK,0.9427,2.564,,
ABodyBuilder3,5AWN,0.51,1.1997,1.5654,
ABodyBuilder3,5BZD,0.468,1.2477,1.2136,
ABodyBuilder3,5CEX,0.5754,1.2409,0.8016,
ABodyBuilder3,5CGY,0.4384,0.9456,2.1506,
ABodyBuilder3,5DK3,0.4464,1.1396,0.8404,
ABodyBuilder3,5DR5,0.4146,1.0649,0.6615,
ABodyBuilder3,5F7E,0.5025,0.8055,0.5601,
ABodyBuilder3,5GGQ,0.4162,0.9705,0.4881,
ABodyBuilder3,5JQD,0.5093,1.0786,0.7811,
ABodyBuilder3,5KG9,0.4951,1.2941,0.462,
ABodyBuilder3,5WT9,0.4068,0.9187,0.5733,
ABodyBuilder3,6MTS,0.5528,1.1124,1.0964,
ABodyBuilder3,6QN8,0.3527,0.7695,1.2745,
ABodyBuilder3,7K8Q,0.424,0.8692,5.1787,
ABodyBuilder3,8FAB,0.4317,1.1233,1.26,
Alpha_Fold_2,1AD0,0.5472,1.2513,1.3635,0.4852
Alpha_Fold_2,1AD9,0.4545,1.095,0.6793,0.2487
Alpha_Fold_2,1B2W,0.6381,1.6425,0.6255,0.3761
Alpha_Fold_2,1DFB,0.7447,1.27,1.1993,0.3952
Alpha_Fold_2,1DN0,0.3859,0.9251,1.4098,0.2088
Alpha_Fold_2,1FGV,0.663,1.0881,1.828,0.3595
Alpha_Fold_2,1FVC,0.3956,0.9024,1.5951,0.2913
Alpha_Fold_2,1FVD,0.4518,1.4832,0.6653,0.2286
Alpha_Fold_2,1HEZ,0.489,1.911,0.6131,0.2235
Alpha_Fold_2,1IT9,0.5248,1.2013,1.5216,0.3186
Alpha_Fold_2,1JPT,0.3113,0.8829,0.7643,0.2127
Alpha_Fold_2,1MCO,3.7588,4.0524,3.1397,1.0303
Alpha_Fold_2,1R24,0.6726,1.4032,1.8687,0.511
Alpha_Fold_2,1RHH,0.4226,1.4189,4.6329,0.1609
Alpha_Fold_2,1RZ7,0.4056,1.3413,1.2437,0.5428
Alpha_Fold_2,1S3K,0.3692,0.9665,0.3559,0.2405
Alpha_Fold_2,1T04,0.5236,3.0281,0.8804,0.3472
Alpha_Fold_2,1T3F,0.2975,0.8847,0.6921,0.1701
Alpha_Fold_2,1U6A,0.39,1.1949,2.4608,0.634
Alpha_Fold_2,2AGJ,0.4283,1.1977,0.4681,0.4745
Alpha_Fold_2,2D7T,0.3601,1.5424,0.8046,0.3232
Alpha_Fold_2,2EH7,0.4804,1.1279,2.1246,0.2636
Alpha_Fold_2,2FB4,0.4013,1.7836,1.1625,0.3868
Alpha_Fold_2,2FGW,0.4328,1.0049,0.9358,0.2772
Alpha_Fold_2,2G75,0.4638,1.2444,0.3022,1.4316
Alpha_Fold_2,2GCY,0.2994,1.0257,0.3637,0.5102
Alpha_Fold_2,2HFF,0.4959,1.1831,0.525,0.2936
Alpha_Fold_2,2IG2,0.6715,1.5939,1.3727,0.4427
Alpha_Fold_2,2XA8,0.3173,0.9881,1.2818,0.3171
Alpha_Fold_2,2XZC,0.3083,0.7486,1.8538,0.2075
Alpha_Fold_2,3EO9,0.6255,2.8919,1.1021,0.29
Alpha_Fold_2,3EOT,0.233,0.7899,0.4322,0.2278
Alpha_Fold_2,3FZU,0.5181,1.1658,0.7849,0.3018
Alpha_Fold_2,3G6A,0.4208,1.4636,1.6193,0.2419
Alpha_Fold_2,3HC3,0.5274,1.3077,0.3955,0.2232
Alpha_Fold_2,3IDG,0.4686,1.3169,1.5742,3.8422
Alpha_Fold_2,4F57,0.3287,0.9737,0.62,0.5363
Alpha_Fold_2,4FQC,0.9037,3.6762,2.771,2.5353
Alpha_Fold_2,4FZ8,0.6184,1.8275,3.2175,0.7026
Alpha_Fold_2,4G5Z,0.3779,2.6781,0.6162,0.2242
Alpha_Fold_2,4OSU,0.4582,1.386,2.6453,1.683
Alpha_Fold_2,4R7N,0.5695,1.065,0.4823,0.2786
Alpha_Fold_2,4UOK,0.4831,1.1896,,0.221
Alpha_Fold_2,5AWN,0.327,1.1866,2.3898,1.5364
Alpha_Fold_2,5BZD,0.3481,1.1837,0.5892,0.9591
Alpha_Fold_2,5CEX,0.7543,10.3583,2.6228,2.4498
Alpha_Fold_2,5CGY,0.3894,1.2891,2.7071,0.9054
Alpha_Fold_2,5DK3,0.412,1.9723,0.5539,0.2287
Alpha_Fold_2,5DR5,0.4645,1.1779,0.3665,0.3086
Alpha_Fold_2,5F7E,0.4211,2.589,1.2154,0.7561
Alpha_Fold_2,5GGQ,0.3286,2.9127,1.209,0.2446
Alpha_Fold_2,5JQD,0.4679,0.9949,0.9932,0.3484
Alpha_Fold_2,5KG9,0.8707,1.3793,0.5338,0.7422
Alpha_Fold_2,5WT9,0.2645,0.784,0.6196,0.2056
Alpha_Fold_2,6MTS,0.4658,1.3813,3.3459,0.3522
Alpha_Fold_2,6QN8,0.7385,2.625,6.0531,0.9368
Alpha_Fold_2,7K8Q,0.3126,1.313,5.4428,0.4805
Alpha_Fold_2,8FAB,0.3391,2.2895,1.06,0.9807
Boltz_2,1AD0,0.4814,1.0759,0.9539,0.294
Boltz_2,1AD9,0.403,1.0518,1.2864,0.2521
Boltz_2,1B2W,0.5525,3.7298,1.1367,0.4172
Boltz_2,1DFB,0.7016,1.5376,1.4132,0.3997
Boltz_2,1DN0,0.3851,0.8951,1.585,0.1717
Boltz_2,1FGV,0.4566,1.0854,1.581,0.3367
Boltz_2,1FVC,0.3578,1.2734,1.1275,0.2216
Boltz_2,1FVD,0.3511,1.7542,0.8757,0.1709
Boltz_2,1HEZ,0.4765,0.9911,0.9616,0.2065
Boltz_2,1IT9,0.4321,0.9856,0.4078,0.2459
Boltz_2,1JPT,0.2947,0.9264,0.189,0.2149
Boltz_2,1MCO,3.8165,3.9586,2.6833,1.2334
Boltz_2,1R24,0.6736,2.8982,1.5723,0.5793
Boltz_2,1RHH,0.2774,0.8957,4.5807,0.2105
Boltz_2,1RZ7,0.3386,3.3478,0.569,0.8982
Boltz_2,1S3K,0.226,0.677,0.216,0.1481
Boltz_2,1T04,0.4458,3.9475,0.9131,0.3459
Boltz_2,1T3F,0.2492,0.7037,0.6622,0.2009
Boltz_2,1U6A,0.5654,1.3669,2.0669,0.6792
Boltz_2,2AGJ,0.4793,1.1845,1.1095,0.5499
Boltz_2,2D7T,0.3651,1.7094,0.899,0.3877
Boltz_2,2EH7,0.6446,1.4475,1.684,0.2185
Boltz_2,2FB4,0.2971,2.3655,0.9752,0.1827
Boltz_2,2FGW,0.7986,1.2135,0.9471,0.3392
Boltz_2,2G75,0.3538,3.7668,1.5562,0.2857
Boltz_2,2GCY,0.2634,0.8895,0.7907,0.5724
Boltz_2,2HFF,0.3143,2.1923,0.274,0.2731
Boltz_2,2IG2,0.4962,2.5551,1.5217,0.331
Boltz_2,2XA8,0.2801,0.9452,1.3073,0.3338
Boltz_2,2XZC,0.654,1.6707,1.8331,0.2941
Boltz_2,3EO9,0.3825,3.4915,0.3395,0.2534
Boltz_2,3EOT,0.2128,0.7784,0.4609,0.3676
Boltz_2,3FZU,0.6345,1.0994,0.5805,0.3309
Boltz_2,3G6A,0.2618,0.8708,0.2944,0.4787
Boltz_2,3HC3,0.2856,0.9881,0.2846,0.2482
Boltz_2,3IDG,0.1123,8.4836,0.1496,0.0776
Boltz_2,4F57,0.3865,1.1157,0.5636,0.6024
Boltz_2,4FQC,0.5613,1.764,0.3087,0.4751
Boltz_2,4FZ8,0.5107,1.9835,1.8182,0.504
Boltz_2,4G5Z,0.3469,0.9067,0.3675,0.2186
Boltz_2,4OSU,0.3686,1.2219,2.7157,1.531
Boltz_2,4R7N,0.6138,1.152,0.5165,0.331
Boltz_2,4UOK,0.4923,1.2166,,0.2084
Boltz_2,5AWN,0.4209,1.5465,1.9683,0.7639
Boltz_2,5BZD,0.3543,3.4684,0.9861,0.3238
Boltz_2,5CEX,0.4267,9.8102,0.7397,0.6744
Boltz_2,5CGY,0.343,1.0989,3.8983,0.9005
Boltz_2,5DK3,0.4568,1.672,0.3604,0.1728
Boltz_2,5DR5,0.4216,2.7753,1.237,0.2808
Boltz_2,5F7E,0.6981,2.9366,1.326,0.7371
Boltz_2,5GGQ,0.4293,3.137,1.5746,0.2331
Boltz_2,5JQD,0.4085,2.2424,1.2161,0.2845
Boltz_2,5KG9,0.3322,1.0706,0.6243,0.8578
Boltz_2,5WT9,0.2025,0.8558,0.4426,0.1688
Boltz_2,6MTS,0.4483,1.2751,3.0395,0.2165
Boltz_2,6QN8,0.9485,3.1325,5.3092,1.6039
Boltz_2,7K8Q,0.4778,2.0464,5.5206,0.5354
Boltz_2,8FAB,0.3366,1.411,1.1117,1.0049
Chai1,1AD0,0.3622,1.1678,1.3807,0.2895
Chai1,1AD9,0.3962,1.1978,0.7659,0.1894
Chai1,1B2W,0.6223,1.7751,1.009,0.3497
Chai1,1DFB,0.5451,1.7724,1.5555,0.3854
Chai1,1DN0,0.4815,1.2586,1.0775,0.2235
Chai1,1FGV,0.6533,1.0706,1.5917,0.2888
Chai1,1FVC,0.4277,1.2551,1.5265,0.2388
Chai1,1FVD,0.4459,1.4142,1.1368,0.1954
Chai1,1HEZ,0.403,1.4997,0.4662,0.28
Chai1,1IT9,0.4098,1.124,0.3114,0.244
Chai1,1JPT,0.409,1.1756,0.3188,0.2437
Chai1,1MCO,3.6697,3.9308,2.6746,1.5084
Chai1,1R24,0.765,1.4596,1.1435,0.5206
Chai1,1RHH,0.502,3.0432,4.6654,0.2128
Chai1,1RZ7,0.3377,1.0596,0.2363,0.4644
Chai1,1S3K,0.3439,1.2994,1.5819,0.1694
Chai1,1T04,0.6468,2.0568,0.8846,0.2828
Chai1,1T3F,0.5144,1.4486,0.7483,0.2005
Chai1,1U6A,0.4753,1.4083,2.6739,0.3478
Chai1,2AGJ,0.5334,1.345,1.4964,0.5719
Chai1,2D7T,1.1379,1.8058,0.9011,0.1961
Chai1,2EH7,0.7105,2.2129,1.8594,0.2302
Chai1,2FB4,0.3687,1.7528,1.725,0.2159
Chai1,2FGW,0.6238,1.2291,0.9922,0.265
Chai1,2G75,0.641,2.8168,0.4328,0.3733
Chai1,2GCY,0.5198,1.1534,0.999,0.5025
Chai1,2HFF,0.786,1.4221,0.7631,0.31
Chai1,2IG2,0.5806,2.1155,1.8354,0.3363
Chai1,2XA8,0.5124,1.9732,1.7597,0.3591
Chai1,2XZC,0.5258,1.3829,0.8608,0.2607
Chai1,3EO9,0.4818,2.7721,1.0683,0.2059
Chai1,3EOT,0.4625,6.1436,0.6276,0.3526
Chai1,3FZU,0.501,1.6724,0.9615,0.2961
Chai1,3G6A,0.6234,5.2886,0.5379,1.157
Chai1,3HC3,0.4315,1.2656,0.385,0.1908
Chai1,3IDG,0.2508,0.8639,1.8476,3.8702
Chai1,4F57,0.313,1.604,1.4642,0.7219
Chai1,4FQC,1.0279,3.9693,2.5736,1.8713
Chai1,4FZ8,0.5975,2.0766,4.1771,0.6849
Chai1,4G5Z,0.3169,1.2179,0.7352,0.2496
Chai1,4OSU,0.4484,1.8954,3.2919,1.4632
Chai1,4R7N,0.5489,1.2067,0.596,0.2504
Chai1,4UOK,0.4406,1.5372,,0.1973
Chai1,5AWN,0.4114,1.3386,1.839,0.7887
Chai1,5BZD,0.4394,1.4332,0.5184,0.3169
Chai1,5CEX,0.5056,1.9443,0.8592,2.39
Chai1,5CGY,0.7247,1.6218,3.1518,1.0069
Chai1,5DK3,0.4639,2.021,0.93,0.2612
Chai1,5DR5,0.397,2.4532,1.1269,0.2919
Chai1,5F7E,0.3526,1.528,0.9792,0.6899
Chai1,5GGQ,0.6016,3.0816,1.5441,0.2453
Chai1,5JQD,0.4912,1.5152,1.0753,0.2588
Chai1,5KG9,0.952,1.5521,0.6695,0.8234
Chai1,5WT9,0.5655,0.9573,0.4589,0.2128
Chai1,6MTS,0.4274,1.456,3.2132,0.3869
Chai1,6QN8,1.0895,3.9282,6.8207,0.5141
Chai1,7K8Q,0.4105,2.0721,5.3812,0.533
Chai1,8FAB,0.5524,4.6594,1.2077,0.9289
ESMFold2,1AD0,0.3376,1.1634,1.184,0.9547
ESMFold2,1AD9,0.3353,1.4205,1.1484,0.2108
ESMFold2,1B2W,0.5548,1.5869,0.611,0.3637
ESMFold2,1DFB,0.672,1.4947,2.7444,0.5686
ESMFold2,1DN0,0.3812,1.0731,0.9712,0.1859
ESMFold2,1FGV,0.4684,1.0654,1.5355,0.2098
ESMFold2,1FVC,0.4601,1.3041,1.6511,0.2945
ESMFold2,1FVD,0.4709,1.4622,1.1781,0.2376
ESMFold2,1HEZ,0.6483,1.4335,0.4164,0.2391
ESMFold2,1IT9,0.4032,1.0174,0.3053,0.2423
ESMFold2,1JPT,0.2634,0.9004,0.2618,0.2414
ESMFold2,1MCO,3.736,4.0111,2.8647,0.6961
ESMFold2,1R24,0.6733,1.4221,2.4371,0.4753
ESMFold2,1RHH,0.3742,2.8903,5.0271,0.1228
ESMFold2,1RZ7,0.4703,1.0637,0.2392,0.3982
ESMFold2,1S3K,0.2672,0.8425,0.3287,0.1625
ESMFold2,1T04,0.3983,1.3269,0.5317,0.2352
ESMFold2,1T3F,0.4529,1.0657,0.723,0.2121
ESMFold2,1U6A,0.4343,1.1048,2.5454,0.4767
ESMFold2,2AGJ,0.4387,1.103,0.4702,0.5194
ESMFold2,2D7T,1.5212,2.1729,0.7243,0.2156
ESMFold2,2EH7,0.485,1.5149,2.192,0.2423
ESMFold2,2FB4,0.4737,1.6381,1.2589,0.1802
ESMFold2,2FGW,0.5752,1.121,0.8226,0.2204
ESMFold2,2G75,0.4617,2.6837,0.8447,0.2979
ESMFold2,2GCY,0.4984,1.9462,0.8496,0.519
ESMFold2,2HFF,0.4431,0.9877,0.6795,0.3259
ESMFold2,2IG2,0.722,2.0789,1.8961,0.2914
ESMFold2,2XA8,0.3722,1.3777,1.4348,0.2742
ESMFold2,2XZC,0.7129,2.0488,2.8006,0.376
ESMFold2,3EO9,0.4811,2.7834,0.9461,0.1974
ESMFold2,3EOT,0.3215,5.5444,0.4322,0.2517
ESMFold2,3FZU,0.5095,2.6244,0.9903,0.2689
ESMFold2,3G6A,0.5977,5.435,0.7481,1.7193
ESMFold2,3HC3,0.4071,1.2067,0.3446,0.2027
ESMFold2,3IDG,0.2018,0.6586,1.8043,3.902
ESMFold2,4F57,0.3645,1.1264,0.8158,0.3533
ESMFold2,4FQC,0.6723,3.6571,0.3757,0.5205
ESMFold2,4FZ8,0.5489,1.7835,3.643,0.441
ESMFold2,4G5Z,0.3478,1.2075,0.395,0.2205
ESMFold2,4OSU,0.6313,3.1081,3.3725,1.4264
ESMFold2,4R7N,0.5686,1.0787,0.5976,0.2691
ESMFold2,4UOK,0.4675,1.1825,,0.2145
ESMFold2,5AWN,0.5209,1.5551,1.3442,1.7866
ESMFold2,5BZD,0.3699,1.3035,0.7287,0.2082
ESMFold2,5CEX,0.5572,3.4513,2.526,2.345
ESMFold2,5CGY,0.7303,1.1865,2.2378,0.9764
ESMFold2,5DK3,0.3439,2.086,0.3132,0.1806
ESMFold2,5DR5,0.3304,0.948,0.418,0.3231
ESMFold2,5F7E,0.237,0.8011,0.4569,0.1625
ESMFold2,5GGQ,0.6829,2.6522,1.2121,0.2786
ESMFold2,5JQD,0.4554,1.3717,0.7472,0.2533
ESMFold2,5KG9,0.6132,1.3275,0.5234,0.7242
ESMFold2,5WT9,0.4086,0.8102,0.5046,0.1656
ESMFold2,6MTS,0.4021,1.1009,2.9417,0.2724
ESMFold2,6QN8,0.3714,1.1916,1.0626,0.4236
ESMFold2,7K8Q,0.5433,3.1607,5.4194,0.548
ESMFold2,8FAB,0.5467,1.7795,1.2296,0.833
Ibex,1AD0,0.2905,1.8368,1.3282,
Ibex,1AD9,0.3862,1.5929,1.3523,
Ibex,1B2W,0.6256,2.3245,0.7772,
Ibex,1DFB,0.5911,1.3084,1.5603,
Ibex,1DN0,0.3983,0.968,0.7807,
Ibex,1FGV,0.4117,1.4209,1.358,
Ibex,1FVC,0.3627,1.1324,0.9323,
Ibex,1FVD,0.4004,1.0395,0.9775,
Ibex,1HEZ,0.4081,1.1535,0.4539,
Ibex,1IT9,0.4614,1.5959,1.123,
Ibex,1JPT,0.432,1.0161,0.3818,
Ibex,1MCO,1.8402,2.8221,2.4567,
Ibex,1R24,2.9534,3.1872,2.8984,
Ibex,1RHH,0.4971,1.5699,5.1876,
Ibex,1RZ7,3.2385,3.4605,3.3401,
Ibex,1S3K,0.4973,1.1,0.4597,
Ibex,1T04,0.4783,1.0089,0.502,
Ibex,1T3F,0.3338,1.1072,0.568,
Ibex,1U6A,0.3971,0.9573,0.6189,
Ibex,2AGJ,0.4517,1.568,1.3396,
Ibex,2D7T,0.4365,1.3785,0.7975,
Ibex,2EH7,0.4091,1.9044,2.204,
Ibex,2FB4,0.4599,1.2975,0.8266,
Ibex,2FGW,0.5594,1.1296,1.1078,
Ibex,2G75,0.5678,1.3273,0.3657,
Ibex,2GCY,0.4026,1.0891,0.8354,
Ibex,2HFF,0.339,0.8635,0.5599,
Ibex,2IG2,0.6509,1.4127,0.8802,
Ibex,2XA8,0.5057,1.6199,1.3371,
Ibex,2XZC,2.9712,3.5128,3.9887,
Ibex,3EO9,0.4876,1.3136,1.0494,
Ibex,3EOT,0.2743,1.2015,0.5186,
Ibex,3FZU,0.4659,1.1344,0.664,
Ibex,3G6A,0.4218,1.1328,0.4539,
Ibex,3HC3,2.1973,4.9419,,1.1219
Ibex,3IDG,2.1265,2.8579,1.583,
Ibex,4F57,0.5425,1.5378,1.0201,
Ibex,4FQC,0.7114,1.3826,0.838,
Ibex,4FZ8,0.5744,1.143,2.5604,
Ibex,4G5Z,0.4523,1.242,0.5583,
Ibex,4OSU,0.439,2.5578,3.0257,
Ibex,4R7N,0.4992,1.0557,0.495,
Ibex,4UOK,1.3286,2.6733,,
Ibex,5AWN,2.6525,3.6102,2.8051,
Ibex,5BZD,0.4026,1.6815,1.2959,
Ibex,5CEX,0.6377,1.3841,0.6777,
Ibex,5CGY,0.4942,1.1704,3.6939,
Ibex,5DK3,0.374,0.8244,0.3397,
Ibex,5DR5,0.3424,0.8452,0.4653,
Ibex,5F7E,0.5257,0.9811,0.6493,
Ibex,5GGQ,0.3721,1.0108,0.2862,
Ibex,5JQD,0.5038,1.1818,0.5038,
Ibex,5KG9,2.4629,3.9498,7.5899,
Ibex,5WT9,0.3652,1.16,0.3507,
Ibex,6MTS,2.5565,3.4404,4.4622,
Ibex,6QN8,0.6207,1.7607,1.5086,
Ibex,7K8Q,0.4957,1.9832,5.8329,
Ibex,8FAB,0.4635,1.2437,0.9221,
IgFold,1AD0,0.3828,0.5886,1.1527,0.4609
IgFold,1AD9,0.3241,0.7351,0.867,0.2952
IgFold,1B2W,0.6592,1.6075,0.7624,0.5225
IgFold,1DFB,0.7458,0.9744,1.2857,0.5758
IgFold,1DN0,0.31,1.0005,1.1197,0.416
IgFold,1FGV,0.6085,0.8235,1.6124,0.2903
IgFold,1FVC,0.3771,0.4979,0.9938,0.3215
IgFold,1FVD,0.3874,0.7156,1.0148,0.2584
IgFold,1HEZ,0.397,0.8102,1.1537,0.3101
IgFold,1IT9,0.5345,0.8363,1.1727,0.3412
IgFold,1JPT,0.5511,0.7658,0.818,0.2467
IgFold,1MCO,3.4696,3.5602,1.8011,1.2055
IgFold,1R24,0.6786,0.8072,1.4105,0.6027
IgFold,1RHH,0.2701,0.7595,2.7766,0.34
IgFold,1RZ7,0.5427,0.8545,0.9947,0.4412
IgFold,1S3K,0.5652,0.8581,0.9817,0.2569
IgFold,1T04,0.4566,0.6521,0.7386,0.4354
IgFold,1T3F,0.3026,0.539,0.504,0.2843
IgFold,1U6A,0.5368,0.8742,1.8442,0.9466
IgFold,2AGJ,0.4843,0.8685,1.0537,0.5712
IgFold,2D7T,1.5964,1.6786,0.9669,0.3802
IgFold,2EH7,0.6485,1.4039,1.9126,0.357
IgFold,2FB4,0.5756,1.8015,1.9377,0.5154
IgFold,2FGW,0.5252,0.7666,1.1418,0.2975
IgFold,2G75,0.4288,1.088,0.6287,1.1603
IgFold,2GCY,0.3668,0.5148,0.4555,0.4671
IgFold,2HFF,0.3706,0.6039,0.8067,0.3146
IgFold,2IG2,0.6523,1.8675,1.9653,0.5216
IgFold,2XA8,0.5452,0.9376,1.4672,0.3257
IgFold,2XZC,0.8577,1.4619,1.352,0.9389
IgFold,3EO9,0.5683,0.9182,1.2925,0.3724
IgFold,3EOT,0.4009,5.3489,1.4533,0.4702
IgFold,3FZU,0.5746,0.9728,1.1756,0.36
IgFold,3G6A,0.2974,0.9379,1.2546,1.2549
IgFold,3HC3,0.4319,0.9014,0.6577,0.3916
IgFold,3IDG,0.2669,0.7623,1.2088,0.3584
IgFold,4F57,0.5049,0.9816,1.5367,0.6624
IgFold,4FQC,0.6526,1.388,1.0726,
IgFold,4FZ8,0.8362,1.2877,3.1155,0.7345
IgFold,4G5Z,0.5213,0.6853,0.7594,0.3916
IgFold,4OSU,0.4857,1.2689,2.8429,1.2761
IgFold,4R7N,0.5658,0.8316,0.6919,0.4317
IgFold,4UOK,0.3224,0.5426,,0.2807
IgFold,5AWN,0.7403,1.1367,2.1019,0.436
IgFold,5BZD,0.4086,0.9017,2.2784,0.3164
IgFold,5CEX,0.4275,1.3916,1.3082,1.8593
IgFold,5CGY,0.9188,1.2326,3.4628,0.82
IgFold,5DK3,0.381,0.8128,1.225,0.3609
IgFold,5DR5,0.4368,0.7291,0.5806,0.356
IgFold,5F7E,0.4232,0.8667,1.0255,0.3999
IgFold,5GGQ,0.4391,0.6516,0.9642,0.2337
IgFold,5JQD,0.3834,0.9126,1.9879,0.4159
IgFold,5KG9,0.7812,0.9606,0.3799,0.7134
IgFold,5WT9,0.6951,0.859,0.9702,0.2922
IgFold,6MTS,,,,
IgFold,6QN8,0.7654,4.0808,3.3619,0.739
IgFold,7K8Q,0.6194,1.3342,4.3823,0.537
IgFold,8FAB,0.3213,0.9109,1.2365,0.9552
Intellifold,1AD0,0.3719,0.9123,1.5186,0.2055
Intellifold,1AD9,0.3994,1.0472,1.8515,0.2282
Intellifold,1B2W,0.6391,2.1417,0.7878,0.3705
Intellifold,1DFB,0.9333,1.7929,1.1377,0.4119
Intellifold,1DN0,0.3197,1.0942,0.9278,0.2302
Intellifold,1FGV,0.5839,1.032,1.0889,0.2738
Intellifold,1FVC,0.3317,0.7678,1.2109,0.2521
Intellifold,1FVD,0.439,1.6157,0.7526,0.1901
Intellifold,1HEZ,0.4523,1.8898,1.0655,0.2037
Intellifold,1IT9,0.4731,1.1383,0.6309,0.2413
Intellifold,1JPT,0.4162,1.1182,0.3171,0.2078
Intellifold,1MCO,,,,
Intellifold,1R24,0.7567,1.5047,1.6306,0.5207
Intellifold,1RHH,0.2525,1.4268,4.7062,0.1606
Intellifold,1RZ7,0.3493,2.004,0.3002,0.5252
Intellifold,1S3K,0.3587,1.0257,0.4725,0.2261
Intellifold,1T04,0.406,1.6056,0.7209,0.3163
Intellifold,1T3F,0.2389,1.6128,0.7849,0.1347
Intellifold,1U6A,0.3899,1.195,2.3211,0.6399
Intellifold,2AGJ,0.5644,1.6466,1.453,0.4786
Intellifold,2D7T,0.3368,1.5293,0.7379,0.3213
Intellifold,2EH7,0.5208,1.5028,1.9868,0.2093
Intellifold,2FB4,0.4902,2.2597,1.5133,0.2435
Intellifold,2FGW,0.6132,1.1579,0.8489,0.2676
Intellifold,2G75,0.5139,2.9735,0.6475,1.37
Intellifold,2GCY,0.3593,1.4706,0.3631,0.5163
Intellifold,2HFF,0.2773,1.0625,1.8024,0.2585
Intellifold,2IG2,0.4272,1.5401,1.8391,0.3264
Intellifold,2XA8,0.2654,0.9948,1.2458,0.2725
Intellifold,2XZC,0.7626,2.0717,2.2454,0.2392
Intellifold,3EO9,0.5692,2.7952,0.9532,0.1953
Intellifold,3EOT,0.3708,5.5014,0.2698,0.228
Intellifold,3FZU,0.6732,1.2188,0.6695,0.263
Intellifold,3G6A,0.4144,1.321,0.5109,0.3193
Intellifold,3HC3,0.2358,1.1749,0.3902,0.1861
Intellifold,3IDG,0.2266,8.4748,0.2232,0.1373
Intellifold,4F57,0.4254,1.3774,0.8853,0.5259
Intellifold,4FQC,0.5868,2.6266,3.3831,2.6459
Intellifold,4FZ8,0.5146,1.97,3.1121,0.723
Intellifold,4G5Z,0.3737,2.5173,0.4167,0.2217
Intellifold,4OSU,0.3662,2.7088,2.3723,1.5324
Intellifold,4R7N,0.4518,1.0377,0.51,0.2965
Intellifold,4UOK,0.592,1.2709,,0.2522
Intellifold,5AWN,0.3813,1.2082,2.3425,0.3445
Intellifold,5BZD,0.3358,1.543,0.9511,0.8215
Intellifold,5CEX,0.6558,10.3561,2.7947,1.6851
Intellifold,5CGY,0.4324,1.0599,4.5793,0.8215
Intellifold,5DK3,0.4448,2.2334,0.283,0.1917
Intellifold,5DR5,0.4572,1.566,0.8905,0.3008
Intellifold,5F7E,1.3701,2.3114,1.1837,0.6164
Intellifold,5GGQ,0.2976,2.932,1.0184,0.2452
Intellifold,5JQD,0.4587,1.0593,1.2635,0.3085
Intellifold,5KG9,0.3425,1.1518,0.4788,0.7304
Intellifold,5WT9,0.2282,0.7956,0.3795,0.1714
Intellifold,6MTS,0.3424,0.9776,3.3719,0.2689
Intellifold,6QN8,0.3256,2.7737,5.95,1.0139
Intellifold,7K8Q,0.2414,2.0132,4.9639,0.5413
Intellifold,8FAB,0.2681,2.984,1.3161,0.9967
OpenFold3,1AD0,0.3236,1.1969,1.641,0.4166
OpenFold3,1AD9,0.3828,1.1797,1.4803,0.1872
OpenFold3,1B2W,0.6176,1.6999,0.723,0.3202
OpenFold3,1DFB,0.6236,1.1859,1.2368,0.2746
OpenFold3,1DN0,0.3136,0.9707,0.5471,0.1725
OpenFold3,1FGV,0.447,1.1045,1.27,0.2511
OpenFold3,1FVC,0.3544,0.8874,1.6021,0.3263
OpenFold3,1FVD,0.3359,1.8053,0.744,0.2384
OpenFold3,1HEZ,0.4275,0.9471,0.9815,0.1872
OpenFold3,1IT9,0.433,1.3856,2.0711,0.2882
OpenFold3,1JPT,0.3146,1.1497,0.7631,0.2142
OpenFold3,1MCO,,,,
OpenFold3,1R24,0.7416,1.2686,1.1338,0.4707
OpenFold3,1RHH,0.2525,4.304,4.9135,0.1742
OpenFold3,1RZ7,0.3921,3.1412,0.3321,0.5722
OpenFold3,1S3K,0.2391,2.0503,0.2948,0.1315
OpenFold3,1T04,0.4611,3.0394,0.9704,0.3106
OpenFold3,1T3F,0.5206,2.6363,1.0574,0.1869
OpenFold3,1U6A,0.5588,1.4617,2.5811,0.6613
OpenFold3,2AGJ,0.4403,1.4955,1.4578,0.5356
OpenFold3,2D7T,1.4292,1.907,0.8688,0.2859
OpenFold3,2EH7,0.5598,2.0551,2.3229,0.2482
OpenFold3,2FB4,0.5067,1.4487,1.8477,0.2154
OpenFold3,2FGW,0.7956,1.4874,0.7503,0.2811
OpenFold3,2G75,0.4627,3.1881,1.0446,1.481
OpenFold3,2GCY,0.31,1.0518,0.4473,0.538
OpenFold3,2HFF,0.3149,1.1135,0.9813,0.4265
OpenFold3,2IG2,0.7421,3.35,2.0003,0.3245
OpenFold3,2XA8,0.4204,1.3982,1.377,0.2872
OpenFold3,2XZC,0.2959,0.7504,2.2555,0.2084
OpenFold3,3EO9,0.5302,2.3065,1.1582,0.1788
OpenFold3,3EOT,0.3176,5.5499,1.0203,0.257
OpenFold3,3FZU,0.4038,1.5071,0.5716,0.2475
OpenFold3,3G6A,0.2905,1.209,0.7473,1.6354
OpenFold3,3HC3,0.4902,2.6744,0.8455,0.202
OpenFold3,3IDG,0.1773,0.7258,2.0481,0.0937
OpenFold3,4F57,0.366,1.507,1.3372,0.6105
OpenFold3,4FQC,1.4987,4.5567,1.5509,2.2042
OpenFold3,4FZ8,0.7667,1.8934,3.9631,0.6779
OpenFold3,4G5Z,0.3555,1.1698,0.5904,0.245
OpenFold3,4OSU,0.6205,2.9973,1.8466,2.0953
OpenFold3,4R7N,0.4941,1.1326,0.4701,0.2747
OpenFold3,4UOK,0.4867,1.1197,,0.1989
OpenFold3,5AWN,0.4654,1.2841,0.6894,0.9099
OpenFold3,5BZD,0.3936,1.3601,1.077,0.8366
OpenFold3,5CEX,0.4859,10.0695,3.0058,1.8462
OpenFold3,5CGY,0.562,1.1482,5.1892,0.8923
OpenFold3,5DK3,,,,
OpenFold3,5DR5,0.3239,0.9741,0.2923,0.3019
OpenFold3,5F7E,0.2935,0.9394,0.4756,0.176
OpenFold3,5GGQ,0.4175,2.5675,1.2428,0.3096
OpenFold3,5JQD,0.3932,1.0894,1.2174,0.3063
OpenFold3,5KG9,0.3385,2.7145,5.0044,0.7775
OpenFold3,5WT9,0.4878,1.0576,0.8645,0.1748
OpenFold3,6MTS,0.4788,1.2081,3.9853,0.2942
OpenFold3,6QN8,0.4903,4.7098,6.5012,1.0998
OpenFold3,7K8Q,0.3746,2.986,5.6473,0.598
OpenFold3,8FAB,0.2934,1.239,1.1833,0.972
