Model,n,Conv_median,Unfilt_median,Delta_median,Delta_max,Unfilt_max,H3_median
Intellifold,57,0.4144,1.5293,1.0822,9.7003,10.3561,1.042
Boltz_2,58,0.4147,1.3889,0.8314,9.3835,9.8102,0.9861
OpenFold3,56,0.4302,1.4235,0.9438,9.5836,10.0695,1.1833
Alpha_Fold_2,58,0.4532,1.2796,0.7805,9.604,10.3583,1.1625
ESMFold2,58,0.468,1.3747,0.8349,5.2229,5.5444,0.9461
ABodyBuilder3,58,0.4759,1.1062,0.6122,1.822,3.1897,0.835
Ibex,58,0.483,1.3205,0.7658,2.7446,4.9419,0.9272
Chai1,58,0.5015,1.5326,1.0089,5.6811,6.1436,1.0775
AB_Fold_3,58,0.5184,1.2187,0.6804,2.9132,3.7348,2.8087
IgFold,57,0.5213,0.9014,0.3924,4.948,5.3489,1.1742
