Model_1,Model_2,n,statistic,p_value,p_adj,significant,rank_biserial_r
AB_Fold_3,ABodyBuilder3,58,442.0,0.0013673263345829,0.0396524637029048,True,0.4833430742255991
AB_Fold_3,Alpha_Fold_2,58,779.0,0.5536566646527459,1.0,False,-0.08942139099941554
AB_Fold_3,Boltz_2,58,584.0,0.0355491168960361,0.6754332210246876,False,-0.3173582700175336
AB_Fold_3,Chai1,58,414.0,0.0006302596626027,0.0189077898780814,True,-0.5160724722384571
AB_Fold_3,ESMFold2,58,550.0,0.0180160882163238,0.3963539407591235,False,-0.3571011104617183
AB_Fold_3,Ibex,58,578.0,0.0316739320149119,0.6334786402982394,False,-0.3243717124488603
AB_Fold_3,IgFold,57,351.0,0.0001581268705661,0.0050600598581162,True,0.5753176043557169
AB_Fold_3,Intellifold,57,507.0,0.0111330716868671,0.2622508540316199,False,-0.38656987295825773
AB_Fold_3,OpenFold3,56,527.0,0.0270656363146958,0.5683783626086127,False,-0.33959899749373434
ABodyBuilder3,Alpha_Fold_2,58,491.0,0.0047712404120592,0.1240522507135412,False,-0.4260666277030976
ABodyBuilder3,Boltz_2,58,393.0,0.0003424966622862,0.0106173965308731,True,-0.5406195207481005
ABodyBuilder3,Chai1,58,157.0,6.372172754284679e-08,2.548869101713871e-06,True,-0.8164815897136177
ABodyBuilder3,ESMFold2,58,283.0,9.31491984494502e-06,0.000326022194573,True,-0.6691992986557569
ABodyBuilder3,Ibex,58,242.0,2.0348657814256303e-06,7.529003391274832e-05,True,-0.717124488603156
ABodyBuilder3,IgFold,57,444.0,0.0023733169066942,0.0664528733874403,False,0.4627949183303085
ABodyBuilder3,Intellifold,57,288.0,1.881615914193393e-05,0.0006397494108257,True,-0.6515426497277677
ABodyBuilder3,OpenFold3,56,205.0,1.3171332230499366e-06,5.1368195698947526e-05,True,-0.7431077694235589
Alpha_Fold_2,Boltz_2,58,602.5,0.0501337088016502,0.9024067584297036,False,-0.2957334891876096
Alpha_Fold_2,Chai1,58,354.0,0.0001032658009306,0.0034077714307101,True,-0.5862068965517241
Alpha_Fold_2,ESMFold2,58,767.0,0.4932191137397872,1.0,False,-0.10344827586206896
Alpha_Fold_2,Ibex,58,738.0,0.3629670874659687,1.0,False,-0.13734658094681473
Alpha_Fold_2,IgFold,57,227.0,1.905741724449083e-06,7.241818552906516e-05,True,0.7253478523895946
Alpha_Fold_2,Intellifold,57,501.5,0.0098171872521212,0.2454296813030304,False,-0.3932244404113733
Alpha_Fold_2,OpenFold3,56,486.0,0.0109271189179841,0.2622508540316199,False,-0.39097744360902253
Boltz_2,Chai1,58,742.0,0.3795333184620441,1.0,False,-0.1326709526592636
Boltz_2,ESMFold2,58,781.0,0.564071242005014,1.0,False,0.08708357685563997
Boltz_2,Ibex,58,763.0,0.4738881202703862,1.0,False,0.1081239041496201
Boltz_2,IgFold,57,145.0,6.140550965032793e-08,2.517625895663445e-06,True,0.8245614035087719
Boltz_2,Intellifold,57,798.0,0.8208604408020059,1.0,False,0.034482758620689655
Boltz_2,OpenFold3,56,723.0,0.5406824420240881,1.0,False,-0.09398496240601503
Chai1,ESMFold2,58,474.0,0.0031398321902643,0.084775469137137,False,0.44593804792518993
Chai1,Ibex,58,635.0,0.0877871645426987,1.0,False,0.2577440093512566
Chai1,IgFold,57,9.0,8.291898126584204e-11,3.731354156962892e-09,True,0.9891107078039928
Chai1,Intellifold,57,600.0,0.0719254593881821,1.0,False,0.27404718693284935
Chai1,OpenFold3,56,768.0,0.80667902307645,1.0,False,0.03759398496240601
ESMFold2,Ibex,58,803.0,0.6843948936386259,1.0,False,0.061367621274108705
ESMFold2,IgFold,57,89.0,4.640086585404742e-09,1.995237231724039e-07,True,0.8923169993950393
ESMFold2,Intellifold,57,693.0,0.288832951854873,1.0,False,-0.16152450090744103
ESMFold2,OpenFold3,56,598.0,0.102802384023454,1.0,False,-0.2506265664160401
Ibex,IgFold,57,246.0,3.984422047948284e-06,0.0001434391937261,True,0.7023593466424682
Ibex,Intellifold,57,684.0,0.2575536585797067,1.0,False,-0.1724137931034483
Ibex,OpenFold3,56,684.0,0.3524189144117005,1.0,False,-0.14285714285714285
IgFold,Intellifold,56,86.0,6.3282392186308625e-09,2.657860471824962e-07,True,-0.8922305764411027
IgFold,OpenFold3,55,63.0,3.149046903693365e-09,1.3855806376250806e-07,True,-0.9181818181818182
Intellifold,OpenFold3,56,655.0,0.2434272697279974,1.0,False,-0.17919799498746866
