Model,Conv_median,Conv_CI_lo,Conv_CI_hi,Unfilt_median,Unfilt_CI_lo,Unfilt_CI_hi
Intellifold,0.4144,0.3708,0.4518,1.5293,1.2709,1.6466
Boltz_2,0.4147,0.3597,0.4524,1.3889,1.1646,1.7318
OpenFold3,0.4302,0.3874,0.4824,1.4235,1.2086,1.7526
Alpha_Fold_2,0.4532,0.4066,0.4745,1.2796,1.1881,1.386
ESMFold2,0.468,0.4343,0.5095,1.3747,1.1966,1.5408
ABodyBuilder3,0.4759,0.4549,0.5042,1.1062,1.0525,1.1641
Ibex,0.483,0.4441,0.5057,1.3205,1.1709,1.5539
Chai1,0.5015,0.4549,0.5412,1.5326,1.4237,1.7751
AB_Fold_3,0.5184,0.4995,0.544,1.2187,1.1239,1.3553
IgFold,0.5213,0.4319,0.5652,0.9014,0.8363,0.9606
