Model,PDB_ID,rejected_fraction,n_before,n_after,masked_fv,delta
AB_Fold_3,1AD0,0.25,916,687,0.4524,1.5329000000000002
AB_Fold_3,1AD9,0.2014,879,702,0.5298,1.3344
AB_Fold_3,1B2W,0.2573,684,508,0.8613,1.3597
AB_Fold_3,1DFB,0.1557,835,705,0.4995,0.5715999999999999
AB_Fold_3,1DN0,0.2294,898,692,0.544,0.6749
AB_Fold_3,1FGV,0.1644,870,727,0.4111,0.6174
AB_Fold_3,1FVC,0.16,919,772,0.4325,0.5352
AB_Fold_3,1FVD,0.1329,775,672,0.5267,0.4415
AB_Fold_3,1HEZ,0.2348,924,707,0.5169,0.6671999999999999
AB_Fold_3,1IT9,0.136,772,667,0.4888,0.6438
AB_Fold_3,1JPT,0.2567,892,663,0.506,2.9132
AB_Fold_3,1MCO,0.2127,442,348,2.558,0.8038999999999998
AB_Fold_3,1R24,0.1374,917,791,0.897,0.5840000000000001
AB_Fold_3,1RHH,0.1612,738,619,0.6115,0.691
AB_Fold_3,1RZ7,0.176,767,632,0.5242,0.8392
AB_Fold_3,1S3K,0.1314,784,681,0.5113,0.6125999999999999
AB_Fold_3,1T04,0.1273,770,672,0.5927,0.4216999999999999
AB_Fold_3,1T3F,0.1363,785,678,0.4826,0.7526000000000002
AB_Fold_3,1U6A,0.1839,897,732,0.5329,0.7548
AB_Fold_3,2AGJ,0.2607,913,675,0.6093,0.7739
AB_Fold_3,2D7T,0.205,844,671,0.6244,0.92
AB_Fold_3,2EH7,0.1529,726,615,0.5127,0.4572999999999999
AB_Fold_3,2FB4,0.1913,852,689,0.468,0.659
AB_Fold_3,2FGW,0.1467,852,727,0.6058,0.5908000000000001
AB_Fold_3,2G75,0.3005,832,582,0.5198,2.0956
AB_Fold_3,2GCY,0.2114,856,675,0.4637,0.7377
AB_Fold_3,2HFF,0.148,858,731,0.4199,0.3409
AB_Fold_3,2IG2,0.1667,852,710,0.5956,0.4993999999999999
AB_Fold_3,2XA8,0.2086,748,592,0.5164,1.0134
AB_Fold_3,2XZC,0.1946,745,600,0.6072,1.1799
AB_Fold_3,3EO9,0.2886,932,663,0.5761,1.7175000000000002
AB_Fold_3,3EOT,0.2231,883,686,0.448,0.8180000000000001
AB_Fold_3,3FZU,0.2272,832,643,0.6647,1.5246
AB_Fold_3,3G6A,0.241,917,696,0.5737,1.3784999999999998
AB_Fold_3,3HC3,0.2161,583,457,1.4365,2.2983
AB_Fold_3,3IDG,0.1011,920,827,0.4308,0.2570999999999999
AB_Fold_3,4F57,0.1942,958,772,0.4858,0.6177999999999999
AB_Fold_3,4FQC,0.113,938,832,0.7555,0.4426
AB_Fold_3,4FZ8,0.1194,779,686,0.6829,0.3328000000000001
AB_Fold_3,4G5Z,0.1326,777,674,0.4776,0.5813999999999999
AB_Fold_3,4OSU,0.2714,851,620,0.4485,1.8396
AB_Fold_3,4R7N,0.2221,860,669,0.5318,1.7799999999999998
AB_Fold_3,4UOK,0.3006,479,335,0.9088,1.4155
AB_Fold_3,5AWN,0.2105,950,750,0.5304,0.8311
AB_Fold_3,5BZD,0.2304,929,715,0.4921,0.7263999999999999
AB_Fold_3,5CEX,0.1873,929,755,0.5748,0.6858
AB_Fold_3,5CGY,0.1578,754,635,0.4283,0.6748999999999999
AB_Fold_3,5DK3,0.268,515,377,0.8145,0.4895999999999999
AB_Fold_3,5DR5,0.1301,753,655,0.4535,0.4112
AB_Fold_3,5F7E,0.1208,778,684,0.5161,0.8497999999999999
AB_Fold_3,5GGQ,0.1322,764,663,0.4614,0.659
AB_Fold_3,5JQD,0.1884,876,711,0.6093,0.4896
AB_Fold_3,6MTS,0.1575,927,781,0.567,0.5422
AB_Fold_3,6QN8,0.1523,775,657,0.3968,0.3962
AB_Fold_3,7K8Q,0.1567,766,646,0.4206,0.4588
AB_Fold_3,8FAB,0.2342,931,713,0.4632,1.3211
ABodyBuilder3,1AD0,0.1594,935,786,0.3823,0.5981000000000001
ABodyBuilder3,1AD9,0.1628,940,787,0.4663,0.6780000000000002
ABodyBuilder3,1B2W,0.2804,888,639,0.8224,1.822
ABodyBuilder3,1DFB,0.1521,835,708,0.4956,0.6035999999999999
ABodyBuilder3,1DN0,0.1353,924,799,0.519,0.3671999999999999
ABodyBuilder3,1FGV,0.1644,870,727,0.4118,0.6188
ABodyBuilder3,1FVC,0.162,920,771,0.4319,0.538
ABodyBuilder3,1FVD,0.1625,917,768,0.4682,0.5843
ABodyBuilder3,1HEZ,0.1623,924,774,0.4512,0.4527
ABodyBuilder3,1IT9,0.1747,939,775,0.4839,0.6101000000000001
ABodyBuilder3,1JPT,0.1686,931,774,0.4371,0.6315
ABodyBuilder3,1MCO,0.2269,595,460,2.048,0.8786
ABodyBuilder3,1R24,0.169,917,762,0.7683,0.6329
ABodyBuilder3,1RHH,0.1491,738,628,0.6282,0.68
ABodyBuilder3,1RZ7,0.2029,907,723,0.4589,0.5233
ABodyBuilder3,1S3K,0.1109,938,834,0.4549,0.4369
ABodyBuilder3,1T04,0.1486,902,768,0.5569,0.6072
ABodyBuilder3,1T3F,0.1419,902,774,0.426,0.5349999999999999
ABodyBuilder3,1U6A,0.2169,922,722,0.4568,0.8597
ABodyBuilder3,2AGJ,0.2339,919,704,0.5016,0.6574
ABodyBuilder3,2D7T,0.2163,934,732,0.5455,1.0244
ABodyBuilder3,2EH7,0.2065,920,730,0.5111,0.6364
ABodyBuilder3,2FB4,0.1576,844,711,0.5042,0.6167
ABodyBuilder3,2FGW,0.1526,852,722,0.6033,0.6109
ABodyBuilder3,2G75,0.212,887,699,0.4637,0.7622
ABodyBuilder3,2GCY,0.1444,921,788,0.4297,0.5051999999999999
ABodyBuilder3,2HFF,0.1492,858,730,0.3481,0.3452
ABodyBuilder3,2IG2,0.1647,844,705,0.601,0.4990000000000001
ABodyBuilder3,2XA8,0.1829,853,697,0.4813,1.0188
ABodyBuilder3,2XZC,0.1899,874,708,0.6318,1.106
ABodyBuilder3,3EO9,0.1983,943,756,0.5244,1.1471
ABodyBuilder3,3EOT,0.1661,909,758,0.3816,0.8711
ABodyBuilder3,3FZU,0.2026,918,732,0.6139,0.6144999999999999
ABodyBuilder3,3G6A,0.1613,924,775,0.4705,0.5476000000000001
ABodyBuilder3,3HC3,0.1669,683,569,2.0392,1.1505
ABodyBuilder3,3IDG,0.112,920,817,0.43,0.2859
ABodyBuilder3,4F57,0.1994,958,767,0.4393,0.6135999999999999
ABodyBuilder3,4FQC,0.1247,938,821,0.7448,0.4689
ABodyBuilder3,4FZ8,0.1194,779,686,0.6855,0.3311999999999999
ABodyBuilder3,4G5Z,0.1649,940,785,0.4138,0.5678000000000001
ABodyBuilder3,4OSU,0.2193,889,694,0.4251,1.2223
ABodyBuilder3,4R7N,0.1718,949,786,0.484,0.408
ABodyBuilder3,4UOK,0.2988,589,413,0.9427,1.6213000000000002
ABodyBuilder3,5AWN,0.1719,890,737,0.51,0.6897
ABodyBuilder3,5BZD,0.2293,929,716,0.468,0.7797000000000001
ABodyBuilder3,5CEX,0.1841,929,758,0.5754,0.6654999999999999
ABodyBuilder3,5CGY,0.1402,742,638,0.4384,0.5072
ABodyBuilder3,5DK3,0.2805,606,436,1.0057,0.6931999999999999
ABodyBuilder3,5DR5,0.1626,935,783,0.4146,0.6502999999999999
ABodyBuilder3,5F7E,0.0781,922,850,0.5025,0.303
ABodyBuilder3,5GGQ,0.1822,933,763,0.4162,0.5543
ABodyBuilder3,5JQD,0.2249,876,679,0.5093,0.5693
ABodyBuilder3,5KG9,0.2032,876,698,0.4951,0.799
ABodyBuilder3,5WT9,0.1901,926,750,0.4068,0.5119
ABodyBuilder3,6MTS,0.1661,927,773,0.5528,0.5596000000000001
ABodyBuilder3,6QN8,0.1626,775,649,0.3527,0.4167999999999999
ABodyBuilder3,7K8Q,0.1501,766,651,0.424,0.4452
ABodyBuilder3,8FAB,0.1525,931,789,0.4317,0.6916
Alpha_Fold_2,1AD0,0.1669,1833,1527,0.5472,0.7041000000000001
Alpha_Fold_2,1AD9,0.1883,924,750,0.4545,0.6405
Alpha_Fold_2,1B2W,0.2126,1830,1441,0.6381,1.0044
Alpha_Fold_2,1DFB,0.1626,1839,1540,0.7447,0.5253
Alpha_Fold_2,1DN0,0.2113,904,713,0.3859,0.5392
Alpha_Fold_2,1FGV,0.1137,1689,1497,0.663,0.4251
Alpha_Fold_2,1FVC,0.1411,815,700,0.3956,0.5067999999999999
Alpha_Fold_2,1FVD,0.2287,1845,1423,0.4518,1.0314
Alpha_Fold_2,1HEZ,0.2002,1843,1474,0.489,1.4220000000000002
Alpha_Fold_2,1IT9,0.1649,922,770,0.5248,0.6765
Alpha_Fold_2,1JPT,0.1641,926,774,0.3113,0.5716
Alpha_Fold_2,1MCO,0.2012,815,651,0.9971,0.2935999999999996
Alpha_Fold_2,1R24,0.1959,929,747,0.6726,0.7306
Alpha_Fold_2,1RHH,0.246,1630,1229,0.4226,0.9963
Alpha_Fold_2,1RZ7,0.2773,1785,1290,0.4056,0.9357
Alpha_Fold_2,1S3K,0.1723,1857,1537,0.3692,0.5973
Alpha_Fold_2,1T04,0.2079,1847,1463,0.5236,2.5045
Alpha_Fold_2,1T3F,0.1974,912,732,0.2975,0.5872
Alpha_Fold_2,1U6A,0.2238,916,711,0.39,0.8049000000000001
Alpha_Fold_2,2AGJ,0.2591,938,695,0.4283,0.7694
Alpha_Fold_2,2D7T,0.2048,825,656,0.3601,1.1823
Alpha_Fold_2,2EH7,0.215,907,712,0.4804,0.6475
Alpha_Fold_2,2FB4,0.2929,874,618,0.4013,1.3823
Alpha_Fold_2,2FGW,0.174,914,755,0.4328,0.5720999999999998
Alpha_Fold_2,2G75,0.1793,1746,1433,0.4638,0.7806
Alpha_Fold_2,2GCY,0.2685,920,673,0.2994,0.7263000000000001
Alpha_Fold_2,2HFF,0.1868,1761,1432,0.4959,0.6872
Alpha_Fold_2,2IG2,0.2207,1799,1402,0.6715,0.9224
Alpha_Fold_2,2XA8,0.1944,921,742,0.3173,0.6708
Alpha_Fold_2,2XZC,0.1671,856,713,0.3083,0.4403
Alpha_Fold_2,3EO9,0.2133,1871,1472,0.6255,2.2664
Alpha_Fold_2,3EOT,0.17,912,757,0.233,0.5569000000000001
Alpha_Fold_2,3FZU,0.199,1814,1453,0.5181,0.6476999999999999
Alpha_Fold_2,3G6A,0.2263,1759,1361,0.4208,1.0428
Alpha_Fold_2,3HC3,0.1472,1862,1588,0.5274,0.7803000000000001
Alpha_Fold_2,3IDG,0.2341,1773,1358,0.4686,0.8482999999999999
Alpha_Fold_2,4F57,0.2091,861,681,0.3287,0.645
Alpha_Fold_2,4FQC,0.2559,1688,1256,0.9037,2.7725
Alpha_Fold_2,4FZ8,0.2069,1706,1353,0.6184,1.2090999999999998
Alpha_Fold_2,4G5Z,0.2737,917,666,0.3779,2.3002
Alpha_Fold_2,4OSU,0.2683,835,611,0.4582,0.9278
Alpha_Fold_2,4R7N,0.1595,1856,1560,0.5695,0.4954999999999999
Alpha_Fold_2,4UOK,0.2387,909,692,0.4831,0.7065
Alpha_Fold_2,5AWN,0.2634,877,646,0.327,0.8596000000000001
Alpha_Fold_2,5BZD,0.2653,946,695,0.3481,0.8355999999999999
Alpha_Fold_2,5CEX,0.2832,1017,729,0.7543,9.604
Alpha_Fold_2,5CGY,0.2553,846,630,0.3894,0.8996999999999999
Alpha_Fold_2,5DK3,0.2346,912,698,0.3608,1.5603
Alpha_Fold_2,5DR5,0.2042,1841,1465,0.4645,0.7133999999999999
Alpha_Fold_2,5F7E,0.2417,1816,1377,0.4211,2.1679
Alpha_Fold_2,5GGQ,0.256,918,683,0.3286,2.5841000000000003
Alpha_Fold_2,5JQD,0.1776,901,741,0.4679,0.527
Alpha_Fold_2,5KG9,0.12,1775,1562,0.8707,0.5085999999999999
Alpha_Fold_2,5WT9,0.2217,893,695,0.2645,0.5195000000000001
Alpha_Fold_2,6MTS,0.1771,1779,1464,0.4658,0.9155
Alpha_Fold_2,6QN8,0.1454,1637,1399,0.7385,1.8865
Alpha_Fold_2,7K8Q,0.2515,855,640,0.3126,1.0004
Alpha_Fold_2,8FAB,0.257,860,639,0.3391,1.9504
Boltz_2,1AD0,0.132,909,789,0.4814,0.5945
Boltz_2,1AD9,0.1872,924,751,0.403,0.6488
Boltz_2,1B2W,0.2423,904,685,0.5525,3.1773
Boltz_2,1DFB,0.2055,1839,1461,0.7016,0.8360000000000001
Boltz_2,1DN0,0.1947,904,728,0.3851,0.51
Boltz_2,1FGV,0.1504,1689,1435,0.4566,0.6287999999999999
Boltz_2,1FVC,0.1951,820,660,0.3578,0.9156
Boltz_2,1FVD,0.2492,919,690,0.3511,1.4031
Boltz_2,1HEZ,0.1742,1843,1522,0.4765,0.5146
Boltz_2,1IT9,0.1845,1870,1525,0.4321,0.5535000000000001
Boltz_2,1JPT,0.1621,1851,1551,0.2947,0.6316999999999999
Boltz_2,1MCO,0.1872,828,673,0.9909,0.1421000000000001
Boltz_2,1R24,0.2583,929,689,0.6736,2.2246
Boltz_2,1RHH,0.2131,901,709,0.2774,0.6183000000000001
Boltz_2,1RZ7,0.253,1810,1352,0.3386,3.0092
Boltz_2,1S3K,0.1998,1857,1486,0.226,0.451
Boltz_2,1T04,0.2413,920,698,0.4458,3.5017
Boltz_2,1T3F,0.1612,912,765,0.2492,0.4545
Boltz_2,1U6A,0.1993,1806,1446,0.5654,0.8015
Boltz_2,2AGJ,0.2197,1821,1421,0.4793,0.7052
Boltz_2,2D7T,0.2171,829,649,0.3651,1.3443
Boltz_2,2EH7,0.1715,1784,1478,0.6446,0.8029000000000001
Boltz_2,2FB4,0.2641,852,627,0.2971,2.0684
Boltz_2,2FGW,0.1071,1783,1592,0.7986,0.4149
Boltz_2,2G75,0.2322,900,691,0.3538,3.413
Boltz_2,2GCY,0.2826,920,660,0.2634,0.6260999999999999
Boltz_2,2HFF,0.263,901,664,0.3143,1.878
Boltz_2,2IG2,0.2506,874,655,0.4962,2.0589
Boltz_2,2XA8,0.2486,921,692,0.2801,0.6651
Boltz_2,2XZC,0.1916,1759,1422,0.654,1.0167000000000002
Boltz_2,3EO9,0.2372,919,701,0.3825,3.109
Boltz_2,3EOT,0.2182,912,713,0.2128,0.5656
Boltz_2,3FZU,0.1659,1814,1513,0.6345,0.4649
Boltz_2,3G6A,0.2026,933,744,0.2618,0.609
Boltz_2,3HC3,0.2072,917,727,0.2856,0.7024999999999999
Boltz_2,3IDG,0.1794,998,819,0.1123,8.3713
Boltz_2,4F57,0.2162,1836,1439,0.3865,0.7291999999999998
Boltz_2,4FQC,0.2055,1820,1446,0.5613,1.2027
Boltz_2,4FZ8,0.2324,865,664,0.5107,1.4728
Boltz_2,4G5Z,0.1832,917,749,0.3469,0.5598
Boltz_2,4OSU,0.2684,857,627,0.3686,0.8533
Boltz_2,4R7N,0.1891,915,742,0.6138,0.5381999999999999
Boltz_2,4UOK,0.253,909,679,0.4923,0.7242999999999999
Boltz_2,5AWN,0.2506,870,652,0.4209,1.1256
Boltz_2,5BZD,0.2558,903,672,0.3543,3.1141
Boltz_2,5CEX,0.2693,1010,738,0.4267,9.3835
Boltz_2,5CGY,0.2636,846,623,0.343,0.7559
Boltz_2,5DK3,0.2105,912,720,0.2785,1.2151999999999998
Boltz_2,5DR5,0.2651,913,671,0.4216,2.3537
Boltz_2,5F7E,0.2036,899,716,0.6981,2.2385
Boltz_2,5GGQ,0.2077,1834,1453,0.4293,2.7077
Boltz_2,5JQD,0.2415,911,691,0.4085,1.8339
Boltz_2,5KG9,0.2525,911,681,0.3322,0.7384
Boltz_2,5WT9,0.2508,893,669,0.2025,0.6533
Boltz_2,6MTS,0.1897,1787,1448,0.4483,0.8268
Boltz_2,6QN8,0.1793,1623,1332,0.9485,2.184
Boltz_2,7K8Q,0.1781,1707,1403,0.4778,1.5686000000000002
Boltz_2,8FAB,0.264,860,633,0.3366,1.0744
ESMFold2,1AD0,0.1913,1845,1492,0.3376,0.8258
ESMFold2,1AD9,0.2061,1873,1487,0.3353,1.0852000000000002
ESMFold2,1B2W,0.218,1830,1431,0.5548,1.0321
ESMFold2,1DFB,0.1836,1759,1436,0.672,0.8226999999999999
ESMFold2,1DN0,0.2158,1844,1446,0.3812,0.6919
ESMFold2,1FGV,0.1528,1689,1431,0.4684,0.597
ESMFold2,1FVC,0.1819,1743,1426,0.4601,0.8440000000000001
ESMFold2,1FVD,0.2022,1845,1472,0.4709,0.9913
ESMFold2,1HEZ,0.1574,1843,1553,0.6483,0.7852
ESMFold2,1IT9,0.1995,1870,1497,0.4032,0.6142000000000001
ESMFold2,1JPT,0.2091,1851,1464,0.2634,0.637
ESMFold2,1MCO,0.1594,828,696,1.0025,0.2750999999999997
ESMFold2,1R24,0.1835,1787,1459,0.6733,0.7487999999999999
ESMFold2,1RHH,0.293,1563,1105,0.3742,2.5161
ESMFold2,1RZ7,0.2085,1803,1427,0.4703,0.5934000000000001
ESMFold2,1S3K,0.189,1857,1506,0.2672,0.5753
ESMFold2,1T04,0.1992,1847,1479,0.3983,0.9286
ESMFold2,1T3F,0.1917,1831,1480,0.4529,0.6128
ESMFold2,1U6A,0.1901,1757,1423,0.4343,0.6705
ESMFold2,2AGJ,0.2216,1846,1437,0.4387,0.6643
ESMFold2,2D7T,0.095,1706,1544,1.5212,0.6516999999999997
ESMFold2,2EH7,0.2019,1768,1411,0.485,1.0299
ESMFold2,2FB4,0.2036,1793,1428,0.4737,1.1644
ESMFold2,2FGW,0.166,1783,1487,0.5752,0.5458
ESMFold2,2G75,0.239,1757,1337,0.4617,2.222
ESMFold2,2GCY,0.1916,1853,1498,0.4984,1.4478
ESMFold2,2HFF,0.1613,1761,1477,0.4431,0.5446
ESMFold2,2IG2,0.2007,1799,1438,0.722,1.3569
ESMFold2,2XA8,0.2553,1790,1333,0.3722,1.0055
ESMFold2,2XZC,0.2181,1779,1391,0.7129,1.3359
ESMFold2,3EO9,0.2042,1871,1489,0.4811,2.3023
ESMFold2,3EOT,0.2353,1815,1388,0.3215,5.2229
ESMFold2,3FZU,0.2281,1802,1391,0.5095,2.1149
ESMFold2,3G6A,0.202,1708,1363,0.5977,4.8373
ESMFold2,3HC3,0.2105,1862,1470,0.4071,0.7996000000000001
ESMFold2,3IDG,0.1601,1836,1542,0.2018,0.4568
ESMFold2,4F57,0.1781,1836,1509,0.3645,0.7619
ESMFold2,4FQC,0.211,1801,1421,0.6723,2.9848
ESMFold2,4FZ8,0.2065,1700,1349,0.5489,1.2346
ESMFold2,4G5Z,0.231,1853,1425,0.3478,0.8597
ESMFold2,4OSU,0.23,1752,1349,0.6313,2.4768
ESMFold2,4R7N,0.167,1856,1546,0.5686,0.5101
ESMFold2,4UOK,0.231,909,699,0.4675,0.7150000000000001
ESMFold2,5AWN,0.2203,1816,1416,0.5209,1.0341999999999998
ESMFold2,5BZD,0.2554,1860,1385,0.3699,0.9336
ESMFold2,5CEX,0.284,1757,1258,0.5572,2.8941
ESMFold2,5CGY,0.12,1641,1444,0.7303,0.4562000000000001
ESMFold2,5DK3,0.2522,912,682,0.282,1.7420999999999998
ESMFold2,5DR5,0.2249,1850,1434,0.3304,0.6175999999999999
ESMFold2,5F7E,0.2458,1831,1381,0.237,0.5641
ESMFold2,5GGQ,0.1668,1834,1528,0.6829,1.9693
ESMFold2,5JQD,0.1897,1792,1452,0.4554,0.9163
ESMFold2,5KG9,0.2017,1775,1417,0.6132,0.7142999999999999
ESMFold2,5WT9,0.1349,1802,1559,0.4086,0.4016
ESMFold2,6MTS,0.1715,1761,1459,0.4021,0.6988
ESMFold2,6QN8,0.2378,1766,1346,0.3714,0.8202
ESMFold2,7K8Q,0.2,1700,1360,0.5433,2.6174
ESMFold2,8FAB,0.2355,1788,1367,0.5467,1.2328
Ibex,1AD0,0.2333,943,723,0.2905,1.5463
Ibex,1AD9,0.1989,940,753,0.3862,1.2067
Ibex,1B2W,0.2973,878,617,0.6256,1.6989
Ibex,1DFB,0.2137,908,714,0.5911,0.7173
Ibex,1DN0,0.2191,931,727,0.3983,0.5697
Ibex,1FGV,0.2284,893,689,0.4117,1.0092
Ibex,1FVC,0.2453,913,689,0.3627,0.7697
Ibex,1FVD,0.2039,917,730,0.4004,0.6391000000000001
Ibex,1HEZ,0.1645,924,772,0.4081,0.7454
Ibex,1IT9,0.1991,939,752,0.4614,1.1345
Ibex,1JPT,0.1289,931,811,0.432,0.5841000000000001
Ibex,1MCO,0.2456,566,427,1.7963,0.9818999999999998
Ibex,1R24,0.0329,850,822,2.9534,0.2338
Ibex,1RHH,0.2569,728,541,0.4971,1.0728
Ibex,1RZ7,0.0309,907,879,3.2385,0.2219999999999999
Ibex,1S3K,0.1781,932,766,0.4973,0.6027
Ibex,1T04,0.1818,902,738,0.4783,0.5306
Ibex,1T3F,0.2079,890,705,0.3338,0.7734
Ibex,1U6A,0.1952,922,742,0.3971,0.5602
Ibex,2AGJ,0.2556,931,693,0.4517,1.1163
Ibex,2D7T,0.2248,934,724,0.4365,0.942
Ibex,2EH7,0.2631,878,647,0.4091,1.4953
Ibex,2FB4,0.234,923,707,0.4599,0.8376000000000001
Ibex,2FGW,0.1641,847,708,0.5594,0.5701999999999999
Ibex,2G75,0.2255,856,663,0.5678,0.7595
Ibex,2GCY,0.1851,913,744,0.4026,0.6864999999999999
Ibex,2HFF,0.1993,858,687,0.339,0.5245
Ibex,2IG2,0.2134,923,726,0.6509,0.7618
Ibex,2XA8,0.2274,853,659,0.5057,1.1142
Ibex,2XZC,0.0726,868,805,2.9712,0.5415999999999999
Ibex,3EO9,0.2025,943,752,0.4876,0.8260000000000001
Ibex,3EOT,0.2112,909,717,0.2743,0.9272
Ibex,3FZU,0.2353,918,702,0.4659,0.6685000000000001
Ibex,3G6A,0.1861,924,752,0.4218,0.7110000000000001
Ibex,3HC3,0.1202,807,710,2.1973,2.7446000000000006
Ibex,3IDG,0.1315,920,799,2.1265,0.7313999999999998
Ibex,4F57,0.1937,945,762,0.5425,0.9953
Ibex,4FQC,0.1919,938,758,0.7114,0.6712
Ibex,4FZ8,0.1772,779,641,0.5744,0.5686
Ibex,4G5Z,0.2436,940,711,0.4523,0.7897000000000001
Ibex,4OSU,0.2658,888,652,0.439,2.1188
Ibex,4R7N,0.1812,949,777,0.4992,0.5565000000000001
Ibex,4UOK,0.2411,589,447,1.3286,1.3446999999999998
Ibex,5AWN,0.1347,928,803,2.6525,0.9577
Ibex,5BZD,0.2678,941,689,0.4026,1.2789
Ibex,5CEX,0.1851,929,757,0.6377,0.7464000000000001
Ibex,5CGY,0.205,761,605,0.4942,0.6762000000000001
Ibex,5DK3,0.2953,596,420,0.9125,0.4504
Ibex,5DR5,0.1893,935,758,0.3424,0.5027999999999999
Ibex,5F7E,0.154,922,780,0.5257,0.4554
Ibex,5GGQ,0.1876,933,758,0.3721,0.6386999999999999
Ibex,5JQD,0.1998,876,701,0.5038,0.6779999999999999
Ibex,5KG9,0.1773,801,659,2.4629,1.4869000000000003
Ibex,5WT9,0.2207,897,699,0.3652,0.7948
Ibex,6MTS,0.134,791,685,2.5565,0.8838999999999997
Ibex,6QN8,0.2473,910,685,0.6207,1.14
Ibex,7K8Q,0.223,852,662,0.4957,1.4875
Ibex,8FAB,0.1892,941,763,0.4635,0.7802
IgFold,1AD0,0.0996,522,470,0.3828,0.2058
IgFold,1AD9,0.1647,589,492,0.3241,0.411
IgFold,1B2W,0.159,1088,915,0.6592,0.9483
IgFold,1DFB,0.0727,1059,982,0.7458,0.2286
IgFold,1DN0,0.1625,560,469,0.31,0.6904999999999999
IgFold,1FGV,0.07,1086,1010,0.6085,0.2149999999999999
IgFold,1FVC,0.0899,523,476,0.3771,0.1208
IgFold,1FVD,0.1077,585,522,0.3874,0.3282
IgFold,1HEZ,0.1159,578,511,0.397,0.4132
IgFold,1IT9,0.0951,1136,1028,0.5345,0.3018
IgFold,1JPT,0.1074,1099,981,0.5511,0.2147
IgFold,1MCO,0.1025,527,473,0.848,0.0906000000000002
IgFold,1R24,0.0439,524,501,0.6786,0.1286
IgFold,1RHH,0.1898,527,427,0.2701,0.4893999999999999
IgFold,1RZ7,0.1008,1091,981,0.5427,0.3118000000000001
IgFold,1S3K,0.0884,1131,1031,0.5652,0.2928999999999999
IgFold,1T04,0.087,575,525,0.4566,0.1955
IgFold,1T3F,0.1635,575,481,0.3026,0.2364
IgFold,1U6A,0.0932,1084,983,0.5368,0.3373999999999999
IgFold,2AGJ,0.1552,1115,942,0.4843,0.3842
IgFold,2D7T,0.0211,1092,1069,1.5964,0.0822
IgFold,2EH7,0.1174,1107,977,0.6485,0.7554
IgFold,2FB4,0.135,1089,942,0.5756,1.2259000000000002
IgFold,2FGW,0.0736,1073,994,0.5252,0.2413999999999999
IgFold,2G75,0.1667,1080,900,0.4288,0.6592
IgFold,2GCY,0.1213,577,507,0.3668,0.148
IgFold,2HFF,0.0947,581,526,0.3706,0.2333
IgFold,2IG2,0.1377,1089,939,0.6523,1.2151999999999998
IgFold,2XA8,0.1062,1121,1002,0.5452,0.3923999999999999
IgFold,2XZC,0.121,1099,966,0.8577,0.6042
IgFold,3EO9,0.1295,1112,968,0.5683,0.3499
IgFold,3EOT,0.1965,1089,875,0.4009,4.948
IgFold,3FZU,0.1341,1104,956,0.5746,0.3982
IgFold,3G6A,0.1859,581,473,0.2974,0.6405
IgFold,3HC3,0.1529,569,482,0.4319,0.4695
IgFold,3IDG,0.1621,586,491,0.2669,0.4953999999999999
IgFold,4F57,0.1336,1138,986,0.5049,0.4767
IgFold,4FQC,0.2085,590,467,0.6526,0.7353999999999999
IgFold,4FZ8,0.0763,1101,1017,0.8362,0.4515
IgFold,4G5Z,0.086,1105,1010,0.5213,0.164
IgFold,4OSU,0.1725,1026,849,0.4857,0.7831999999999999
IgFold,4R7N,0.0912,1096,996,0.5658,0.2658
IgFold,4UOK,0.1337,546,473,0.3224,0.2201999999999999
IgFold,5AWN,0.0792,1136,1046,0.7403,0.3964000000000001
IgFold,5BZD,0.1661,584,487,0.4086,0.4930999999999999
IgFold,5CEX,0.2196,633,494,0.4275,0.9641
IgFold,5CGY,0.079,1038,956,0.9188,0.3137999999999999
IgFold,5DK3,0.1305,544,473,0.3372,0.4317999999999999
IgFold,5DR5,0.1211,1090,958,0.4368,0.2922999999999999
IgFold,5F7E,0.1475,1085,925,0.4232,0.4435
IgFold,5GGQ,0.1131,1070,949,0.4391,0.2124999999999999
IgFold,5JQD,0.2103,542,428,0.3834,0.5291999999999999
IgFold,5KG9,0.1521,526,446,0.376,0.1794
IgFold,5WT9,0.0732,1065,987,0.6951,0.1638999999999999
IgFold,6MTS,0.1648,613,512,0.4424,1.2789
IgFold,6QN8,0.1226,1093,959,0.7654,3.3154
IgFold,7K8Q,0.0832,1118,1025,0.6194,0.7148000000000001
IgFold,8FAB,0.1721,587,486,0.3213,0.5896000000000001
Intellifold,1AD0,0.1441,909,778,0.3719,0.5404
Intellifold,1AD9,0.2067,924,733,0.3994,0.6477999999999999
Intellifold,1B2W,0.2603,1802,1333,0.6391,1.5026000000000002
Intellifold,1DFB,0.1562,922,778,0.9333,0.8595999999999999
Intellifold,1DN0,0.2721,904,658,0.3197,0.7745000000000001
Intellifold,1FGV,0.1122,1702,1511,0.5839,0.4481
Intellifold,1FVC,0.1448,815,697,0.3317,0.4361
Intellifold,1FVD,0.226,1845,1428,0.439,1.1767
Intellifold,1HEZ,0.2286,910,702,0.4523,1.4375
Intellifold,1IT9,0.1893,1870,1516,0.4731,0.6652
Intellifold,1JPT,0.1767,1851,1524,0.4162,0.7020000000000001
Intellifold,1MCO,0.1679,828,689,1.0157,1.3515
Intellifold,1R24,0.1824,1787,1461,0.7567,0.7479999999999999
Intellifold,1RHH,0.2575,901,669,0.2525,1.1743
Intellifold,1RZ7,0.2618,1803,1331,0.3493,1.6547
Intellifold,1S3K,0.1826,1857,1518,0.3587,0.667
Intellifold,1T04,0.2424,920,697,0.406,1.1995999999999998
Intellifold,1T3F,0.2544,912,680,0.2389,1.3739
Intellifold,1U6A,0.2318,1795,1379,0.3899,0.8051
Intellifold,2AGJ,0.2492,1846,1386,0.5644,1.0822
Intellifold,2D7T,0.2194,825,644,0.3368,1.1925
Intellifold,2EH7,0.2119,1784,1406,0.5208,0.982
Intellifold,2FB4,0.226,1779,1377,0.4902,1.7695
Intellifold,2FGW,0.1789,1783,1464,0.6132,0.5447
Intellifold,2G75,0.2383,1746,1330,0.5139,2.4596
Intellifold,2GCY,0.2685,920,673,0.3593,1.1113
Intellifold,2HFF,0.2564,901,670,0.2773,0.7852
Intellifold,2IG2,0.2422,925,701,0.4272,1.1129
Intellifold,2XA8,0.2628,921,679,0.2654,0.7294
Intellifold,2XZC,0.2125,1765,1390,0.7626,1.3091
Intellifold,3EO9,0.2074,1871,1483,0.5692,2.226
Intellifold,3EOT,0.2386,1815,1382,0.3708,5.1306
Intellifold,3FZU,0.1709,1814,1504,0.6732,0.5456000000000001
Intellifold,3G6A,0.2184,1790,1399,0.4144,0.9066
Intellifold,3HC3,0.2388,917,698,0.2358,0.9391
Intellifold,3IDG,0.2395,998,759,0.2266,8.2482
Intellifold,4F57,0.2184,1836,1435,0.4254,0.952
Intellifold,4FQC,0.2766,940,680,0.5868,2.0398
Intellifold,4FZ8,0.2348,873,668,0.5146,1.4554
Intellifold,4G5Z,0.2639,917,675,0.3737,2.1436
Intellifold,4OSU,0.2668,802,588,0.3662,2.3426
Intellifold,4R7N,0.1899,927,751,0.4518,0.5859000000000001
Intellifold,4UOK,0.2189,909,710,0.592,0.6789
Intellifold,5AWN,0.2121,891,702,0.3813,0.8269
Intellifold,5BZD,0.2685,946,692,0.3358,1.2071999999999998
Intellifold,5CEX,0.2826,1019,731,0.6558,9.7003
Intellifold,5CGY,0.1856,846,689,0.4324,0.6275000000000001
Intellifold,5DK3,0.2303,912,702,0.3206,1.7886000000000002
Intellifold,5DR5,0.2395,1850,1407,0.4572,1.1088
Intellifold,5F7E,0.1346,899,778,1.3701,0.9412999999999998
Intellifold,5GGQ,0.2854,918,656,0.2976,2.6344
Intellifold,5JQD,0.2164,901,706,0.4587,0.6005999999999999
Intellifold,5KG9,0.2327,911,699,0.3425,0.8092999999999999
Intellifold,5WT9,0.2352,893,683,0.2282,0.5674
Intellifold,6MTS,0.1971,893,717,0.3424,0.6352
Intellifold,6QN8,0.2461,825,622,0.3256,2.4481
Intellifold,7K8Q,0.2713,855,623,0.2414,1.7717999999999998
Intellifold,8FAB,0.264,860,633,0.2681,2.7159
OpenFold3,1AD0,0.2464,909,685,0.3236,0.8733000000000001
OpenFold3,1AD9,0.2392,924,703,0.3828,0.7968999999999999
OpenFold3,1B2W,0.2386,1806,1375,0.6176,1.0823
OpenFold3,1DFB,0.1626,1839,1540,0.6236,0.5622999999999999
OpenFold3,1DN0,0.2655,904,664,0.3136,0.6571
OpenFold3,1FGV,0.1705,1689,1401,0.447,0.6575
OpenFold3,1FVC,0.1718,815,675,0.3544,0.5329999999999999
OpenFold3,1FVD,0.2557,919,684,0.3359,1.4693999999999998
OpenFold3,1HEZ,0.1582,910,766,0.4275,0.5196000000000001
OpenFold3,1IT9,0.2108,1822,1438,0.433,0.9526
OpenFold3,1JPT,0.2113,1846,1456,0.3146,0.8351
OpenFold3,1MCO,0.1358,773,668,1.028,0.4968999999999999
OpenFold3,1R24,0.169,929,772,0.7416,0.5269999999999999
OpenFold3,1RHH,0.2664,901,661,0.2525,4.0515
OpenFold3,1RZ7,0.2414,1806,1370,0.3921,2.7491
OpenFold3,1S3K,0.2396,1857,1412,0.2391,1.8112
OpenFold3,1T04,0.2283,1840,1420,0.4611,2.5783
OpenFold3,1T3F,0.2352,1824,1395,0.5206,2.1157
OpenFold3,1U6A,0.2286,1802,1390,0.5588,0.9029
OpenFold3,2AGJ,0.2327,1839,1411,0.4403,1.0552
OpenFold3,2D7T,0.0775,1730,1596,1.4292,0.4778
OpenFold3,2EH7,0.2416,1784,1353,0.5598,1.4953
OpenFold3,2FB4,0.2307,1799,1384,0.5067,0.942
OpenFold3,2FGW,0.1509,1763,1497,0.7956,0.6918000000000001
OpenFold3,2G75,0.265,1755,1290,0.4627,2.7254
OpenFold3,2GCY,0.262,920,679,0.31,0.7418
OpenFold3,2HFF,0.2271,907,701,0.3149,0.7986
OpenFold3,2IG2,0.2112,1799,1419,0.7421,2.6079
OpenFold3,2XA8,0.2452,1774,1339,0.4204,0.9778
OpenFold3,2XZC,0.1562,877,740,0.2959,0.4544999999999999
OpenFold3,3EO9,0.233,1871,1435,0.5302,1.7763000000000002
OpenFold3,3EOT,0.2766,1815,1313,0.3176,5.2323
OpenFold3,3FZU,0.2326,1836,1409,0.4038,1.1033000000000002
OpenFold3,3G6A,0.2508,933,699,0.2905,0.9185
OpenFold3,3HC3,0.2266,1862,1440,0.4902,2.1842
OpenFold3,3IDG,0.2029,912,727,0.1773,0.5485
OpenFold3,4F57,0.2561,1812,1348,0.366,1.141
OpenFold3,4FQC,0.1816,1773,1451,1.4987,3.0580000000000003
OpenFold3,4FZ8,0.1953,1659,1335,0.7667,1.1267
OpenFold3,4G5Z,0.2364,1853,1415,0.3555,0.8143
OpenFold3,4OSU,0.2254,1704,1320,0.6205,2.3768
OpenFold3,4R7N,0.2222,1872,1456,0.4941,0.6385000000000001
OpenFold3,4UOK,0.2123,909,716,0.4867,0.6329999999999999
OpenFold3,5AWN,0.2525,1830,1368,0.4654,0.8187
OpenFold3,5BZD,0.2537,946,706,0.3936,0.9665
OpenFold3,5CEX,0.2683,954,698,0.4859,9.5836
OpenFold3,5CGY,0.1873,1639,1332,0.562,0.5862
OpenFold3,5DK3,0.261,912,674,0.3382,1.9925
OpenFold3,5DR5,0.214,1841,1447,0.3239,0.6501999999999999
OpenFold3,5F7E,0.2317,1826,1403,0.2935,0.6459
OpenFold3,5GGQ,0.2366,1834,1400,0.4175,2.15
OpenFold3,5JQD,0.2109,901,711,0.3932,0.6961999999999999
OpenFold3,5KG9,0.27,911,665,0.3385,2.3760000000000003
OpenFold3,5WT9,0.1876,1802,1464,0.4878,0.5698000000000001
OpenFold3,6MTS,0.2065,1753,1391,0.4788,0.7293
OpenFold3,6QN8,0.2428,1631,1235,0.4903,4.2195
OpenFold3,7K8Q,0.2244,1698,1317,0.3746,2.6114
OpenFold3,8FAB,0.2547,860,641,0.2934,0.9456
Chai1,1AD0,0.2462,1824,1375,0.3622,0.8055999999999999
Chai1,1AD9,0.2216,1873,1458,0.3962,0.8016
Chai1,1B2W,0.2317,1813,1393,0.6223,1.1528
Chai1,1DFB,0.2213,1830,1425,0.5451,1.2273
Chai1,1DN0,0.2392,1844,1403,0.4815,0.7770999999999999
Chai1,1FGV,0.1105,1684,1498,0.6533,0.4173
Chai1,1FVC,0.1966,1755,1410,0.4277,0.8274000000000001
Chai1,1FVD,0.2206,1845,1438,0.4459,0.9683
Chai1,1HEZ,0.2198,1843,1438,0.403,1.0967
Chai1,1IT9,0.2206,1854,1445,0.4098,0.7142000000000002
Chai1,1JPT,0.2052,1842,1464,0.409,0.7666
Chai1,1MCO,0.1922,822,664,0.9589,0.2610999999999999
Chai1,1R24,0.1893,1838,1490,0.765,0.6946
Chai1,1RHH,0.2846,1560,1116,0.502,2.5412
Chai1,1RZ7,0.2507,1803,1351,0.3377,0.7219000000000001
Chai1,1S3K,0.2137,1848,1453,0.3439,0.9555
Chai1,1T04,0.2047,1847,1469,0.6468,1.41
Chai1,1T3F,0.2028,1839,1466,0.5144,0.9342
Chai1,1U6A,0.2435,1795,1358,0.4753,0.933
Chai1,2AGJ,0.2085,1827,1446,0.5334,0.8116
Chai1,2D7T,0.1216,1719,1510,1.1379,0.6679000000000002
Chai1,2EH7,0.2046,1789,1423,0.7105,1.5023999999999995
Chai1,2FB4,0.267,1783,1307,0.3687,1.3841
Chai1,2FGW,0.1851,1767,1440,0.6238,0.6053000000000001
Chai1,2G75,0.2043,1757,1398,0.641,2.1758
Chai1,2GCY,0.1695,1853,1539,0.5198,0.6335999999999999
Chai1,2HFF,0.1738,1761,1455,0.786,0.6360999999999999
Chai1,2IG2,0.2441,1790,1353,0.5806,1.5349
Chai1,2XA8,0.2497,1774,1331,0.5124,1.4608
Chai1,2XZC,0.2211,1764,1374,0.5258,0.8571
Chai1,3EO9,0.2173,1855,1452,0.4818,2.2903
Chai1,3EOT,0.2724,1806,1314,0.4625,5.6811
Chai1,3FZU,0.2416,1796,1362,0.501,1.1714000000000002
Chai1,3G6A,0.2207,1708,1331,0.6234,4.6652
Chai1,3HC3,0.2089,1853,1466,0.4315,0.8341000000000001
Chai1,3IDG,0.165,1836,1533,0.2508,0.6131
Chai1,4F57,0.2779,1810,1307,0.313,1.291
Chai1,4FQC,0.244,1783,1348,1.0279,2.9414
Chai1,4FZ8,0.254,1772,1322,0.5975,1.4791
Chai1,4G5Z,0.2471,1837,1383,0.3169,0.901
Chai1,4OSU,0.2654,1741,1279,0.4484,1.447
Chai1,4R7N,0.1973,1860,1493,0.5489,0.6578
Chai1,4UOK,0.2915,909,644,0.4406,1.0966
Chai1,5AWN,0.255,1765,1315,0.4114,0.9272
Chai1,5BZD,0.2445,1849,1397,0.4394,0.9938
Chai1,5CEX,0.2755,1735,1257,0.5056,1.4387
Chai1,5CGY,0.2045,1677,1334,0.7247,0.8970999999999999
Chai1,5DK3,0.273,912,663,0.3404,1.5571
Chai1,5DR5,0.2526,1825,1364,0.397,2.0562
Chai1,5F7E,0.2558,1826,1359,0.3526,1.1754
Chai1,5GGQ,0.2132,1834,1443,0.6016,2.48
Chai1,5JQD,0.2322,1770,1359,0.4912,1.024
Chai1,5KG9,0.1459,1775,1516,0.952,0.6001000000000001
Chai1,5WT9,0.1337,1818,1575,0.5655,0.3918
Chai1,6MTS,0.2344,1779,1362,0.4274,1.0286
Chai1,6QN8,0.1775,1645,1353,1.0895,2.8387
Chai1,7K8Q,0.2067,1679,1332,0.4105,1.6616
Chai1,8FAB,0.2349,1771,1355,0.5524,4.106999999999999
