model,pdb_id,pct_rama_outliers,clashscore,n_residues,side_chains_reconstructed
ABodyBuilder3,1AD0,1.3453,21.1044,223,False
ABodyBuilder3,1AD9,0.4425,21.0025,226,False
ABodyBuilder3,1B2W,0.0,17.6709,218,False
ABodyBuilder3,1DFB,2.6432,30.2511,227,False
ABodyBuilder3,1DN0,0.0,11.0755,224,False
ABodyBuilder3,1FGV,0.4444,21.6833,225,False
ABodyBuilder3,1FVC,0.8969,6.1064,223,False
ABodyBuilder3,1FVD,0.8969,9.3104,223,False
ABodyBuilder3,1HEZ,0.0,10.6813,224,False
ABodyBuilder3,1IT9,1.3158,16.4446,228,False
ABodyBuilder3,1JPT,0.9091,14.416,220,False
ABodyBuilder3,1MCO,1.81,25.8775,221,False
ABodyBuilder3,1R24,0.0,16.6046,225,False
ABodyBuilder3,1RHH,1.7857,20.5114,224,False
ABodyBuilder3,1RZ7,0.9174,17.4298,218,False
ABodyBuilder3,1S3K,0.4405,20.1705,227,False
ABodyBuilder3,1T04,0.9091,14.4202,220,False
ABodyBuilder3,1T3F,0.9091,13.8317,220,False
ABodyBuilder3,1U6A,0.8811,20.893,227,False
ABodyBuilder3,2AGJ,1.7857,19.7708,224,False
ABodyBuilder3,2D7T,0.0,12.7069,219,False
ABodyBuilder3,2EH7,1.3453,10.5048,223,False
ABodyBuilder3,2FB4,0.0,15.055,226,False
ABodyBuilder3,2FGW,1.3333,17.9283,225,False
ABodyBuilder3,2G75,0.4566,7.5689,219,False
ABodyBuilder3,2GCY,0.4444,16.4029,225,False
ABodyBuilder3,2HFF,0.4444,11.8979,225,False
ABodyBuilder3,2IG2,0.0,14.7655,226,False
ABodyBuilder3,2XA8,0.8772,9.7533,228,False
ABodyBuilder3,2XZC,1.3636,25.9934,220,False
ABodyBuilder3,3EO9,0.4464,14.0,224,False
ABodyBuilder3,3EOT,1.3514,16.637,222,False
ABodyBuilder3,3FZU,0.4525,17.0038,221,False
ABodyBuilder3,3G6A,1.3333,18.617,225,False
ABodyBuilder3,3HC3,10.1796,259.3136,167,False
ABodyBuilder3,3IDG,0.4292,11.5226,233,False
ABodyBuilder3,4F57,0.0,16.5336,231,False
ABodyBuilder3,4FQC,3.0702,18.4564,228,False
ABodyBuilder3,4FZ8,0.4348,24.3836,230,False
ABodyBuilder3,4G5Z,0.905,11.0884,221,False
ABodyBuilder3,4OSU,0.431,14.6232,232,False
ABodyBuilder3,4R7N,1.81,14.9856,221,False
ABodyBuilder3,4UOK,0.905,12.6396,221,False
ABodyBuilder3,5AWN,1.7467,23.5915,229,False
ABodyBuilder3,5BZD,1.3514,11.2265,222,False
ABodyBuilder3,5CEX,2.9661,21.6099,236,False
ABodyBuilder3,5CGY,2.2124,28.0641,226,False
ABodyBuilder3,5DK3,0.8811,14.7476,227,False
ABodyBuilder3,5DR5,0.9217,13.5894,217,False
ABodyBuilder3,5F7E,1.3761,11.2028,218,False
ABodyBuilder3,5GGQ,0.9259,10.1523,216,False
ABodyBuilder3,5JQD,1.3216,15.9977,227,False
ABodyBuilder3,5KG9,1.3216,15.1385,227,False
ABodyBuilder3,5WT9,0.9259,10.7495,216,False
ABodyBuilder3,6MTS,2.2124,32.4203,226,False
ABodyBuilder3,6QN8,0.9091,30.5066,220,False
ABodyBuilder3,7K8Q,1.3043,31.57,230,False
ABodyBuilder3,8FAB,0.4525,16.1803,221,False
AbFold,1AD0,2.4155,529.9503,207,False
AbFold,1AD9,1.8692,450.051,214,False
AbFold,1B2W,2.451,415.182,204,False
AbFold,1DFB,1.8433,440.3836,217,False
AbFold,1DN0,1.4354,507.6598,209,False
AbFold,1FGV,0.4405,24.8588,227,False
AbFold,1FVC,0.8929,6.0397,224,False
AbFold,1FVD,1.99,404.4271,201,False
AbFold,1HEZ,3.6866,329.1925,217,False
AbFold,1IT9,2.7523,322.0513,218,False
AbFold,1JPT,0.0,442.0177,208,False
AbFold,1MCO,6.278,257.7836,223,False
AbFold,1R24,1.3333,377.8646,225,False
AbFold,1RHH,1.8957,329.9186,211,False
AbFold,1RZ7,2.4876,535.0738,201,False
AbFold,1S3K,1.9417,396.1973,206,False
AbFold,1T04,1.4851,487.5195,202,False
AbFold,1T3F,1.4851,487.5195,202,False
AbFold,1U6A,0.463,410.057,216,False
AbFold,2AGJ,2.8436,504.1237,211,False
AbFold,2D7T,0.4673,233.5394,214,False
AbFold,2EH7,3.8095,396.6146,210,False
AbFold,2FB4,2.6786,230.7283,224,False
AbFold,2FGW,3.6036,322.9301,222,False
AbFold,2G75,5.4545,369.7749,220,False
AbFold,2GCY,0.9346,433.8501,214,False
AbFold,2HFF,1.8265,287.3321,219,False
AbFold,2IG2,2.6786,230.7283,224,False
AbFold,2XA8,2.4038,435.6229,208,False
AbFold,2XZC,2.5126,310.4178,199,False
AbFold,3EO9,1.3825,419.2722,217,False
AbFold,3EOT,2.7149,327.9255,221,False
AbFold,3FZU,3.3333,526.9351,210,False
AbFold,3G6A,2.3474,361.6738,213,False
AbFold,3HC3,6.4103,698.4002,156,False
AbFold,3IDG,0.9091,386.6906,220,False
AbFold,4F57,2.0921,189.1192,239,False
AbFold,4FQC,5.8824,337.2903,221,False
AbFold,4FZ8,0.4566,262.9687,219,False
AbFold,4G5Z,1.9608,383.9586,204,False
AbFold,4OSU,2.2124,194.0884,226,False
AbFold,4R7N,1.5,490.2213,200,False
AbFold,4UOK,5.6769,335.0868,229,False
AbFold,5AWN,2.193,184.777,228,False
AbFold,5BZD,1.4286,281.4201,210,False
AbFold,5CEX,3.7815,152.9412,238,False
AbFold,5CGY,3.5874,261.5955,223,False
AbFold,5DK3,1.9324,348.6051,207,False
AbFold,5DR5,3.2864,520.5622,213,False
AbFold,5F7E,1.9048,439.6485,210,False
AbFold,5GGQ,3.9024,508.6855,205,False
AbFold,5JQD,1.8779,411.3326,213,False
AbFold,5KG9,2.8708,352.0541,209,False
AbFold,5WT9,1.005,455.0649,199,False
AbFold,6MTS,2.2321,245.1412,224,False
AbFold,6QN8,2.3585,219.3006,212,False
AbFold,7K8Q,2.5862,177.2185,232,False
AbFold,8FAB,2.8037,431.1377,214,False
AlphaFold 2,1AD0,0.4484,30.1013,223,False
AlphaFold 2,1AD9,0.4386,33.9126,228,False
AlphaFold 2,1B2W,0.4545,20.3016,220,False
AlphaFold 2,1DFB,0.0,19.703,227,False
AlphaFold 2,1DN0,0.4464,23.6014,224,False
AlphaFold 2,1FGV,0.4405,26.8265,227,False
AlphaFold 2,1FVC,0.0,15.4249,223,False
AlphaFold 2,1FVD,0.0,23.5671,223,False
AlphaFold 2,1HEZ,0.0,19.0641,224,False
AlphaFold 2,1IT9,0.4386,21.844,228,False
AlphaFold 2,1JPT,0.0,12.6508,220,False
AlphaFold 2,1MCO,0.4484,22.3281,223,False
AlphaFold 2,1R24,0.0,15.7503,225,False
AlphaFold 2,1RHH,2.9661,19.9719,236,False
AlphaFold 2,1RZ7,0.4525,12.4187,221,False
AlphaFold 2,1S3K,0.4425,17.684,226,False
AlphaFold 2,1T04,0.4545,13.8398,220,False
AlphaFold 2,1T3F,0.4545,13.8398,220,False
AlphaFold 2,1U6A,0.0,17.4735,227,False
AlphaFold 2,2AGJ,0.4464,15.195,224,False
AlphaFold 2,2D7T,0.0,20.9687,219,False
AlphaFold 2,2EH7,0.4484,20.7239,223,False
AlphaFold 2,2FB4,0.0,22.5956,232,False
AlphaFold 2,2FGW,0.0,26.7425,227,False
AlphaFold 2,2G75,0.0,15.1423,221,False
AlphaFold 2,2GCY,0.0,13.5291,225,False
AlphaFold 2,2HFF,1.3158,15.3936,228,False
AlphaFold 2,2IG2,0.0,24.6234,232,False
AlphaFold 2,2XA8,0.0,16.3464,228,False
AlphaFold 2,2XZC,0.4464,29.5787,224,False
AlphaFold 2,3EO9,0.0,16.5667,224,False
AlphaFold 2,3EOT,0.0,13.373,222,False
AlphaFold 2,3FZU,0.0,17.8938,221,False
AlphaFold 2,3G6A,0.0,21.887,225,False
AlphaFold 2,3HC3,0.4566,12.034,219,False
AlphaFold 2,3IDG,0.8511,16.4564,235,False
AlphaFold 2,4F57,0.0,17.8319,232,False
AlphaFold 2,4FQC,1.7167,41.1304,233,False
AlphaFold 2,4FZ8,0.8403,24.9383,238,False
AlphaFold 2,4G5Z,0.4525,14.8818,221,False
AlphaFold 2,4OSU,0.8475,28.6839,236,False
AlphaFold 2,4R7N,0.905,24.7625,221,False
AlphaFold 2,4UOK,0.0,17.3478,221,False
AlphaFold 2,5AWN,0.4255,22.3448,235,False
AlphaFold 2,5BZD,1.2987,18.5237,231,False
AlphaFold 2,5CEX,1.25,30.8025,240,False
AlphaFold 2,5CGY,3.4043,31.2945,235,False
AlphaFold 2,5DK3,0.4405,20.4255,227,False
AlphaFold 2,5DR5,0.4566,21.2766,219,False
AlphaFold 2,5F7E,0.0,28.0153,218,False
AlphaFold 2,5GGQ,0.0,15.5317,216,False
AlphaFold 2,5JQD,1.7621,20.6636,227,False
AlphaFold 2,5KG9,0.0,14.0683,226,False
AlphaFold 2,5WT9,0.0,16.129,216,False
AlphaFold 2,6MTS,1.2876,32.4022,233,False
AlphaFold 2,6QN8,1.2552,39.7982,239,False
AlphaFold 2,7K8Q,1.2766,37.5533,235,False
AlphaFold 2,8FAB,0.8969,26.0116,223,False
Boltz-2,1AD0,0.0,15.0332,223,False
Boltz-2,1AD9,0.0,8.9611,228,False
Boltz-2,1B2W,0.0,11.3011,220,False
Boltz-2,1DFB,0.0,5.1385,227,False
Boltz-2,1DN0,0.0,6.1189,224,False
Boltz-2,1FGV,0.0,13.984,227,False
Boltz-2,1FVC,0.0,4.6525,223,False
Boltz-2,1FVD,0.0,7.8557,223,False
Boltz-2,1HEZ,0.0,5.7753,224,False
Boltz-2,1IT9,0.0,3.1206,228,False
Boltz-2,1JPT,0.0,3.2362,220,False
Boltz-2,1MCO,0.4484,7.7358,223,False
Boltz-2,1R24,0.0,9.7365,225,False
Boltz-2,1RHH,0.4237,10.3991,236,False
Boltz-2,1RZ7,0.0,8.2767,221,False
Boltz-2,1S3K,0.0,8.5568,226,False
Boltz-2,1T04,0.0,5.2988,220,False
Boltz-2,1T3F,0.0,3.8269,220,False
Boltz-2,1U6A,0.0,10.8789,227,False
Boltz-2,2AGJ,0.0,5.1606,224,False
Boltz-2,2D7T,0.0,3.8393,219,False
Boltz-2,2EH7,0.0,5.5458,223,False
Boltz-2,2FB4,0.0,6.6628,232,False
Boltz-2,2FGW,0.4405,16.7852,227,False
Boltz-2,2G75,0.0,2.7256,221,False
Boltz-2,2GCY,0.0,3.4542,225,False
Boltz-2,2HFF,0.0,6.6802,228,False
Boltz-2,2IG2,0.0,6.6628,232,False
Boltz-2,2XA8,0.0,4.5872,228,False
Boltz-2,2XZC,0.0,9.5608,224,False
Boltz-2,3EO9,0.0,7.4264,224,False
Boltz-2,3EOT,0.0,7.1322,222,False
Boltz-2,3FZU,0.0,5.2801,221,False
Boltz-2,3G6A,0.0,8.5723,225,False
Boltz-2,3HC3,0.4566,5.5768,219,False
Boltz-2,3IDG,0.0,8.2282,235,False
Boltz-2,4F57,0.0,18.1149,232,False
Boltz-2,4FQC,0.0,10.6205,233,False
Boltz-2,4FZ8,0.0,16.16,238,False
Boltz-2,4G5Z,0.0,3.5016,221,False
Boltz-2,4OSU,0.0,7.5928,236,False
Boltz-2,4R7N,0.4525,10.3657,221,False
Boltz-2,4UOK,0.0,5.8806,221,False
Boltz-2,5AWN,0.0,11.5702,235,False
Boltz-2,5BZD,0.0,7.8585,231,False
Boltz-2,5CEX,0.0,14.5828,240,False
Boltz-2,5CGY,0.0,15.0782,235,False
Boltz-2,5DK3,0.0,6.2394,227,False
Boltz-2,5DR5,0.0,5.0236,219,False
Boltz-2,5F7E,0.0,4.1286,218,False
Boltz-2,5GGQ,0.0,5.0777,216,False
Boltz-2,5JQD,0.0,3.7835,227,False
Boltz-2,5KG9,0.0,4.5937,226,False
Boltz-2,5WT9,0.0,4.1816,216,False
Boltz-2,6MTS,0.0,8.3799,233,False
Boltz-2,6QN8,0.0,13.4378,239,False
Boltz-2,7K8Q,0.0,10.2389,235,False
Boltz-2,8FAB,0.0,7.2254,223,False
Chai-1,1AD0,0.0,17.0619,223,False
Chai-1,1AD9,0.0,5.6007,228,False
Chai-1,1B2W,0.4545,11.0113,220,False
Chai-1,1DFB,0.0,5.7094,227,False
Chai-1,1DN0,0.0,6.1189,224,False
Chai-1,1FGV,0.0,9.9886,227,False
Chai-1,1FVC,0.0,6.1064,223,False
Chai-1,1FVD,0.0,7.2738,223,False
Chai-1,1HEZ,0.0,10.3956,224,False
Chai-1,1IT9,0.0,4.539,228,False
Chai-1,1JPT,0.4545,11.474,220,False
Chai-1,1MCO,0.8969,24.3975,223,False
Chai-1,1R24,0.0,12.0275,225,False
Chai-1,1RHH,0.0,9.837,236,False
Chai-1,1RZ7,0.0,7.3899,221,False
Chai-1,1S3K,0.0,11.1238,226,False
Chai-1,1T04,0.4545,8.8313,220,False
Chai-1,1T3F,0.4545,9.4201,220,False
Chai-1,1U6A,0.0,9.4475,227,False
Chai-1,2AGJ,0.0,9.7477,224,False
Chai-1,2D7T,0.0,5.9067,219,False
Chai-1,2EH7,0.4484,16.0537,223,False
Chai-1,2FB4,0.0,9.8494,232,False
Chai-1,2FGW,0.0,17.6437,227,False
Chai-1,2G75,0.0,4.5427,221,False
Chai-1,2GCY,0.0,6.3328,225,False
Chai-1,2HFF,0.0,7.5516,228,False
Chai-1,2IG2,0.0,8.4009,232,False
Chai-1,2XA8,0.0,12.9014,228,False
Chai-1,2XZC,0.0,10.7559,224,False
Chai-1,3EO9,0.0,9.7115,224,False
Chai-1,3EOT,0.0,5.3492,222,False
Chai-1,3FZU,0.0,8.5069,221,False
Chai-1,3G6A,0.0,6.7987,225,False
Chai-1,3HC3,0.4566,7.9249,219,False
Chai-1,3IDG,0.0,17.5535,235,False
Chai-1,4F57,0.0,17.8319,232,False
Chai-1,4FQC,0.0,17.8871,233,False
Chai-1,4FZ8,0.0,13.9726,238,False
Chai-1,4G5Z,0.0,9.0458,221,False
Chai-1,4OSU,0.0,13.2208,236,False
Chai-1,4R7N,0.0,10.9415,221,False
Chai-1,4UOK,0.0,5.2926,221,False
Chai-1,5AWN,0.0,12.1212,235,False
Chai-1,5BZD,0.0,8.1392,231,False
Chai-1,5CEX,0.0,21.8742,240,False
Chai-1,5CGY,0.0,21.0526,235,False
Chai-1,5DK3,0.0,7.0902,227,False
Chai-1,5DR5,0.0,11.5282,219,False
Chai-1,5F7E,0.0,10.3214,218,False
Chai-1,5GGQ,0.0,8.3632,216,False
Chai-1,5JQD,0.0,14.8428,227,False
Chai-1,5KG9,0.0,10.623,226,False
Chai-1,5WT9,0.0,8.0645,216,False
Chai-1,6MTS,0.0,16.4804,233,False
Chai-1,6QN8,0.0,15.3975,239,False
Chai-1,7K8Q,0.0,9.9545,235,False
Chai-1,8FAB,0.0,9.8266,223,False
ESMFold2,1AD0,0.0,11.8531,223,False
ESMFold2,1AD9,0.0,2.5203,228,False
ESMFold2,1B2W,0.4545,4.6363,220,False
ESMFold2,1DFB,0.0,5.1385,227,False
ESMFold2,1DN0,0.0,3.2051,224,False
ESMFold2,1FGV,0.0,3.71,227,False
ESMFold2,1FVC,0.0,1.7447,223,False
ESMFold2,1FVD,0.0,3.4914,223,False
ESMFold2,1HEZ,0.0,3.4652,224,False
ESMFold2,1IT9,0.0,3.1206,228,False
ESMFold2,1JPT,0.0,4.4131,220,False
ESMFold2,1MCO,0.8969,5.9506,223,False
ESMFold2,1R24,0.0,3.4364,225,False
ESMFold2,1RHH,0.0,6.4643,236,False
ESMFold2,1RZ7,0.0,1.478,221,False
ESMFold2,1S3K,0.0,1.9966,226,False
ESMFold2,1T04,0.4545,4.1213,220,False
ESMFold2,1T3F,0.4545,4.1213,220,False
ESMFold2,1U6A,0.0,7.7297,227,False
ESMFold2,2AGJ,0.4464,2.2936,224,False
ESMFold2,2D7T,0.0,4.7253,219,False
ESMFold2,2EH7,0.0,4.9621,223,False
ESMFold2,2FB4,0.0,3.1866,232,False
ESMFold2,2FGW,0.0,8.2504,227,False
ESMFold2,2G75,0.0,4.5427,221,False
ESMFold2,2GCY,0.0,2.3028,225,False
ESMFold2,2HFF,0.0,2.9044,228,False
ESMFold2,2IG2,0.0,3.1866,232,False
ESMFold2,2XA8,0.0,4.5872,228,False
ESMFold2,2XZC,0.4464,5.3796,224,False
ESMFold2,3EO9,0.0,1.7138,224,False
ESMFold2,3EOT,0.0,2.0802,222,False
ESMFold2,3FZU,0.4525,4.6935,221,False
ESMFold2,3G6A,0.0,4.1383,225,False
ESMFold2,3HC3,0.4566,3.2286,219,False
ESMFold2,3IDG,0.0,1.6456,235,False
ESMFold2,4F57,0.0,7.3592,232,False
ESMFold2,4FQC,0.0,3.0743,233,False
ESMFold2,4FZ8,0.0,12.5993,238,False
ESMFold2,4G5Z,0.0,3.5016,221,False
ESMFold2,4OSU,0.0,8.7177,236,False
ESMFold2,4R7N,0.0,2.0155,221,False
ESMFold2,4UOK,0.0,2.6463,221,False
ESMFold2,5AWN,0.4255,11.0193,235,False
ESMFold2,5BZD,0.0,5.6132,231,False
ESMFold2,5CEX,0.0,14.0427,240,False
ESMFold2,5CGY,0.0,5.4069,235,False
ESMFold2,5DK3,0.0,4.5377,227,False
ESMFold2,5DR5,0.4566,0.8865,219,False
ESMFold2,5F7E,0.0,3.5388,218,False
ESMFold2,5GGQ,0.0,3.2855,216,False
ESMFold2,5JQD,0.4405,2.3296,227,False
ESMFold2,5KG9,0.0,2.584,226,False
ESMFold2,5WT9,0.0,3.2855,216,False
ESMFold2,6MTS,0.4292,9.2179,233,False
ESMFold2,6QN8,0.0,2.7996,239,False
ESMFold2,7K8Q,0.0,22.2032,235,False
ESMFold2,8FAB,0.0,6.3584,223,False
Ibex,1AD0,0.0,2.3128,223,False
Ibex,1AD9,0.8772,1.4002,228,False
Ibex,1B2W,0.4545,3.7659,220,False
Ibex,1DFB,14.9701,122.5404,334,False
Ibex,1DN0,0.4464,2.0402,224,False
Ibex,1FGV,2.2026,4.5649,227,False
Ibex,1FVC,0.4484,2.617,223,False
Ibex,1FVD,0.4484,2.9095,223,False
Ibex,1HEZ,0.4464,2.5982,224,False
Ibex,1IT9,1.7544,3.4023,228,False
Ibex,1JPT,0.4545,1.1768,220,False
Ibex,1MCO,13.3739,113.2725,329,False
Ibex,1R24,11.5625,97.7011,320,False
Ibex,1RHH,0.8475,3.9337,236,False
Ibex,1RZ7,8.8608,247.3608,316,False
Ibex,1S3K,12.6506,140.9983,332,False
Ibex,1T04,0.4545,3.5315,220,False
Ibex,1T3F,0.4545,3.5315,220,False
Ibex,1U6A,0.4405,3.1483,227,False
Ibex,2AGJ,0.4464,3.4384,224,False
Ibex,2D7T,1.7544,7.6487,228,False
Ibex,2EH7,1.3453,22.1768,223,False
Ibex,2FB4,12.426,104.1129,338,False
Ibex,2FGW,0.8811,2.8458,227,False
Ibex,2G75,17.4312,121.2866,327,False
Ibex,2GCY,0.0,3.1655,225,False
Ibex,2HFF,0.4386,1.1608,228,False
Ibex,2IG2,14.7929,100.3378,338,False
Ibex,2XA8,0.8772,2.8686,228,False
Ibex,2XZC,12.963,218.3171,324,False
Ibex,3EO9,0.0,1.7143,224,False
Ibex,3EOT,0.0,1.4854,222,False
Ibex,3FZU,0.905,2.3454,221,False
Ibex,3G6A,17.2205,88.0452,331,False
Ibex,3HC3,15.677,456.3241,421,False
Ibex,3IDG,15.1584,489.1208,442,False
Ibex,4F57,14.3713,111.1551,334,False
Ibex,4FQC,10.9792,104.6285,337,False
Ibex,4FZ8,1.6807,4.9315,238,False
Ibex,4G5Z,15.9509,119.2843,326,False
Ibex,4OSU,15.7895,105.4276,342,False
Ibex,4R7N,0.0,2.0173,221,False
Ibex,4UOK,14.4615,144.2308,325,False
Ibex,5AWN,22.5225,169.9044,444,False
Ibex,5BZD,0.4329,3.6486,231,False
Ibex,5CEX,11.3372,269.552,344,False
Ibex,5CGY,12.5,100.4975,336,False
Ibex,5DK3,0.0,4.2541,227,False
Ibex,5DR5,0.0,1.4771,219,False
Ibex,5F7E,13.8462,98.6252,325,False
Ibex,5GGQ,0.0,2.0902,216,False
Ibex,5JQD,0.0,3.4904,227,False
Ibex,5KG9,23.2877,197.119,438,False
Ibex,5WT9,0.4566,1.1831,219,False
Ibex,6MTS,19.863,159.867,438,False
Ibex,6QN8,17.6812,125.1701,345,False
Ibex,7K8Q,12.9032,109.5594,341,False
Ibex,8FAB,13.3739,90.6561,329,False
IgFold,1AD0,2.6906,194.7977,223,True
IgFold,1AD9,2.6316,192.4909,228,True
IgFold,1B2W,2.7273,222.834,220,True
IgFold,1DFB,3.0837,204.8502,227,True
IgFold,1DN0,4.4643,188.8112,224,True
IgFold,1FGV,3.5242,213.4286,227,True
IgFold,1FVC,3.5874,184.5394,223,True
IgFold,1FVD,4.0359,200.7565,223,True
IgFold,1HEZ,4.4643,253.6839,224,True
IgFold,1IT9,3.9474,186.9504,228,True
IgFold,1JPT,2.7273,200.0588,220,True
IgFold,1MCO,2.6906,210.229,223,True
IgFold,1R24,2.6667,209.502,225,True
IgFold,1RHH,8.1197,229.8398,234,True
IgFold,1RZ7,2.2624,190.8849,221,True
IgFold,1S3K,3.5242,175.0,227,True
IgFold,1T04,3.1818,186.5254,220,True
IgFold,1T3F,3.1818,183.9859,220,True
IgFold,1U6A,5.2863,196.3928,227,True
IgFold,2AGJ,3.5714,196.5616,224,True
IgFold,2D7T,1.8265,241.8069,219,True
IgFold,2EH7,1.7937,150.3211,223,True
IgFold,2FB4,4.3103,209.612,232,True
IgFold,2FGW,4.4053,200.2845,227,True
IgFold,2G75,1.3575,170.8573,221,True
IgFold,2GCY,3.5556,215.6016,225,True
IgFold,2HFF,4.386,206.6164,228,True
IgFold,2IG2,4.3103,206.7169,232,True
IgFold,2XA8,3.9474,208.1422,228,True
IgFold,2XZC,3.5714,218.8713,224,True
IgFold,3EO9,3.5714,202.6911,224,True
IgFold,3EOT,3.6036,240.2617,222,True
IgFold,3FZU,4.0724,189.6804,221,True
IgFold,3G6A,4.0,185.229,225,True
IgFold,3HC3,2.7397,178.1103,219,True
IgFold,3IDG,8.0851,223.6553,235,True
IgFold,4F57,3.4632,168.0433,231,True
IgFold,4FQC,9.0129,201.9553,233,True
IgFold,4FZ8,5.042,228.7045,238,True
IgFold,4G5Z,2.7149,211.6788,221,True
IgFold,4OSU,4.2373,229.1667,236,True
IgFold,4R7N,3.6199,184.5667,221,True
IgFold,4UOK,2.2624,167.108,221,True
IgFold,5AWN,5.1282,207.7094,234,True
IgFold,5BZD,6.0606,193.8289,231,True
IgFold,5CEX,9.1667,177.5196,240,True
IgFold,5CGY,2.5641,176.639,234,True
IgFold,5DK3,5.7269,209.5859,227,True
IgFold,5DR5,2.7397,197.3995,219,True
IgFold,5F7E,2.2936,187.7395,218,True
IgFold,5GGQ,2.7778,208.3582,216,True
IgFold,5JQD,3.9648,199.3597,227,True
IgFold,5KG9,3.5242,232.7242,227,True
IgFold,5WT9,2.7778,159.403,216,True
IgFold,6MTS,3.4335,14.8127,233,True
IgFold,6QN8,7.173,248.3898,237,True
IgFold,7K8Q,6.8085,203.2451,235,True
IgFold,8FAB,4.4843,213.8728,223,True
IntelliFold,1AD0,0.0,4.6229,223,False
IntelliFold,1AD9,0.0,6.4372,228,False
IntelliFold,1B2W,0.4545,5.5025,220,False
IntelliFold,1DFB,0.0,4.5649,227,False
IntelliFold,1DN0,0.0,4.6593,224,False
IntelliFold,1FGV,0.0,3.7079,227,False
IntelliFold,1FVC,0.0,2.6155,223,False
IntelliFold,1FVD,0.0,2.0355,223,False
IntelliFold,1HEZ,0.0,2.3088,224,False
IntelliFold,1IT9,0.0,1.7012,228,False
IntelliFold,1JPT,0.0,2.9403,220,False
IntelliFold,1MCO,0.4484,4.1629,223,False
IntelliFold,1R24,0.0,4.0069,225,False
IntelliFold,1RHH,0.0,6.4607,236,False
IntelliFold,1RZ7,0.0,2.9542,221,False
IntelliFold,1S3K,0.0,5.1311,226,False
IntelliFold,1T04,0.4545,4.4131,220,False
IntelliFold,1T3F,0.4545,4.4131,220,False
IntelliFold,1U6A,0.0,4.0057,227,False
IntelliFold,2AGJ,0.0,2.0057,224,False
IntelliFold,2D7T,0.0,4.4274,219,False
IntelliFold,2EH7,0.0,2.9172,223,False
IntelliFold,2FB4,0.0,2.0266,232,False
IntelliFold,2FGW,0.0,6.2553,227,False
IntelliFold,2G75,0.0,2.724,221,False
IntelliFold,2GCY,0.0,4.8907,225,False
IntelliFold,2HFF,0.0,3.4833,228,False
IntelliFold,2IG2,0.0,2.0266,232,False
IntelliFold,2XA8,0.0,1.7192,228,False
IntelliFold,2XZC,0.0,5.6733,224,False
IntelliFold,3EO9,0.0,2.2838,224,False
IntelliFold,3EOT,0.0,1.485,222,False
IntelliFold,3FZU,0.0,2.6385,221,False
IntelliFold,3G6A,0.0,4.7267,225,False
IntelliFold,3HC3,0.4566,1.4667,219,False
IntelliFold,3IDG,0.0,2.193,235,False
IntelliFold,4F57,0.0,2.2631,232,False
IntelliFold,4FQC,0.0,2.514,233,False
IntelliFold,4FZ8,0.4202,12.3186,238,False
IntelliFold,4G5Z,0.0,4.6661,221,False
IntelliFold,4OSU,0.0,3.0916,236,False
IntelliFold,4R7N,0.0,2.0144,221,False
IntelliFold,4UOK,0.0,3.5263,221,False
IntelliFold,5AWN,0.0,3.0286,235,False
IntelliFold,5BZD,0.4329,3.3661,231,False
IntelliFold,5CEX,0.0,3.7787,240,False
IntelliFold,5CGY,0.4255,9.0987,235,False
IntelliFold,5DK3,0.0,1.7007,227,False
IntelliFold,5DR5,0.0,3.8393,219,False
IntelliFold,5F7E,0.0,4.1261,218,False
IntelliFold,5GGQ,0.0,1.791,216,False
IntelliFold,5JQD,0.0,2.6178,227,False
IntelliFold,5KG9,0.0,3.1564,226,False
IntelliFold,5WT9,0.0,1.791,216,False
IntelliFold,6MTS,0.4292,9.2127,233,False
IntelliFold,6QN8,0.0,3.6374,239,False
IntelliFold,7K8Q,0.0,7.3906,235,False
IntelliFold,8FAB,0.0,4.0439,223,False
OpenFold3,1AD0,0.0,8.9621,223,False
OpenFold3,1AD9,0.0,3.0804,228,False
OpenFold3,1B2W,0.0,6.375,220,False
OpenFold3,1DFB,0.0,5.1385,227,False
OpenFold3,1DN0,0.0,4.662,224,False
OpenFold3,1FGV,0.0,9.1324,227,False
OpenFold3,1FVC,0.0,2.617,223,False
OpenFold3,1FVD,0.0,5.5281,223,False
OpenFold3,1HEZ,0.0,3.4652,224,False
OpenFold3,1IT9,0.0,5.9574,228,False
OpenFold3,1JPT,0.0,2.942,220,False
OpenFold3,1MCO,0.4484,10.116,223,False
OpenFold3,1R24,0.0,5.441,225,False
OpenFold3,1RHH,0.0,8.7128,236,False
OpenFold3,1RZ7,0.0,2.6604,221,False
OpenFold3,1S3K,0.0,5.9897,226,False
OpenFold3,1T04,0.0,2.9438,220,False
OpenFold3,1T3F,0.0,2.9438,220,False
OpenFold3,1U6A,0.0,5.4395,227,False
OpenFold3,2AGJ,0.0,4.5872,224,False
OpenFold3,2D7T,0.0,4.1347,219,False
OpenFold3,2EH7,0.0,2.9189,223,False
OpenFold3,2FB4,0.0,4.635,232,False
OpenFold3,2FGW,0.0,8.2504,227,False
OpenFold3,2G75,0.0,4.5427,221,False
OpenFold3,2GCY,0.0,2.5907,225,False
OpenFold3,2HFF,0.0,4.3567,228,False
OpenFold3,2IG2,0.0,4.635,232,False
OpenFold3,2XA8,0.0,8.0275,228,False
OpenFold3,2XZC,0.0,6.8718,224,False
OpenFold3,3EO9,0.0,4.5701,224,False
OpenFold3,3EOT,0.0,2.6746,222,False
OpenFold3,3FZU,0.4525,5.5735,221,False
OpenFold3,3G6A,0.4444,5.6163,225,False
OpenFold3,3HC3,0.4566,4.4027,219,False
OpenFold3,3IDG,0.0,13.4394,235,False
OpenFold3,4F57,0.0,6.227,232,False
OpenFold3,4FQC,0.0,10.6205,233,False
OpenFold3,4FZ8,0.0,5.2041,238,False
OpenFold3,4G5Z,0.0,4.9606,221,False
OpenFold3,4OSU,0.4237,7.3116,236,False
OpenFold3,4R7N,0.0,4.0311,221,False
OpenFold3,4UOK,0.0,3.5284,221,False
OpenFold3,5AWN,0.0,6.8871,235,False
OpenFold3,5BZD,0.4329,3.3679,231,False
OpenFold3,5CEX,0.0,14.5828,240,False
OpenFold3,5CGY,0.0,4.5519,235,False
OpenFold3,5DK3,0.0,3.4033,227,False
OpenFold3,5DR5,0.4566,5.3191,219,False
OpenFold3,5F7E,0.0,5.898,218,False
OpenFold3,5GGQ,0.0,4.4803,216,False
OpenFold3,5JQD,0.8811,5.2386,227,False
OpenFold3,5KG9,0.0,3.1582,226,False
OpenFold3,5WT9,0.0,4.4803,216,False
OpenFold3,6MTS,0.0,6.4246,233,False
OpenFold3,6QN8,0.0,7.5588,239,False
OpenFold3,7K8Q,0.0,6.5415,235,False
OpenFold3,8FAB,0.0,2.6012,223,False
